Top pages,Clicks,Impressions,CTR,Position
https://www.mealprep.org.uk/meal-plans/lidl,82,2148,3.82%,9.53
https://www.mealprep.org.uk/blog/lidl-high-protein-food-ideas-uk,80,4074,1.96%,7
https://www.mealprep.org.uk/blog/meal-prep-container-size-guide,68,4377,1.55%,5.91
https://www.mealprep.org.uk/plans/aldi-high-protein-low-cal-1500,64,8178,0.78%,9.26
https://www.mealprep.org.uk/blog/best-cheap-high-protein-foods-uk,60,9883,0.61%,11.46
https://www.mealprep.org.uk/blog/aldi-high-protein-shopping-list-uk,58,3375,1.72%,7.03
https://www.mealprep.org.uk/meal-plan/budget-bodybuilding-meal-plan-uk,46,1468,3.13%,13.21
https://www.mealprep.org.uk/meal-plan/tesco-low-calorie-meal-plan,44,4209,1.05%,9.14
https://www.mealprep.org.uk/blog/best-low-calorie-foods-uk,35,7543,0.46%,14.88
https://www.mealprep.org.uk/blog/high-protein-meals-under-600-calories-uk,32,1567,2.04%,9.2
https://www.mealprep.org.uk/meal-plan/aldi-low-calorie-meal-plan,30,1319,2.27%,7.67
https://www.mealprep.org.uk/blog/what-does-1500-calories-look-like-uk,29,6089,0.48%,18.1
https://www.mealprep.org.uk/meal-plan/1800-calorie-meal-plan,29,2745,1.06%,18.53
https://www.mealprep.org.uk/meal-plan/2500-calorie-meal-plan,28,2254,1.24%,17.2
https://www.mealprep.org.uk/meal-plans/1500-calorie,27,2497,1.08%,34.95
https://www.mealprep.org.uk/,27,2037,1.33%,53.08
https://www.mealprep.org.uk/blog/1400-calorie-meal-plan-uk,25,787,3.18%,7.91
https://www.mealprep.org.uk/blog/overnight-oats-jars-for-meal-prep-uk,24,1322,1.82%,11.89
https://www.mealprep.org.uk/meal-plans/lidl-budget-meal-prep,22,511,4.31%,9.95
https://www.mealprep.org.uk/blog/high-protein-sandwich-fillings-uk,19,1393,1.36%,10.29
https://www.mealprep.org.uk/blog/best-meal-prep-containers-uk,18,9484,0.19%,13.3
https://www.mealprep.org.uk/meal-plan/1500-calorie-meal-plan,18,5258,0.34%,44.25
https://www.mealprep.org.uk/meal-plan/2000-calorie-meal-plan,18,1264,1.42%,22.62
https://www.mealprep.org.uk/blog/cheapest-uk-supermarket-meal-prep,17,1863,0.91%,7.84
https://www.mealprep.org.uk/blog/best-freezer-bags-for-meal-prep-uk,16,851,1.88%,9.85
https://www.mealprep.org.uk/blog/asda-budget-meal-ideas-uk,15,584,2.57%,6.91
https://www.mealprep.org.uk/meal-plans/printable-meal-plans,14,3740,0.37%,34.58
https://www.mealprep.org.uk/plans/marks-spencer-weight-loss-1500-flexible-standard,13,916,1.42%,30.05
https://www.mealprep.org.uk/blog/1600-calorie-meal-plan-uk,13,496,2.62%,7.87
https://www.mealprep.org.uk/plans/any-pescatarian-1500,13,238,5.46%,12.6
https://www.mealprep.org.uk/blog/sainsburys-healthy-ready-meal-combos-uk,11,1617,0.68%,7.93
https://www.mealprep.org.uk/blog/aldi-low-calorie-food-ideas-uk,11,504,2.18%,6.79
https://www.mealprep.org.uk/plans/aldi-pescatarian-weight-loss-1400-moderate-standard,11,115,9.57%,5.7
https://www.mealprep.org.uk/blog/student-high-protein-meals-uk,10,402,2.49%,16.62
https://www.mealprep.org.uk/meal-plan/budget-fat-loss-meal-plan-uk,9,2207,0.41%,49.77
https://www.mealprep.org.uk/blog/cheapest-protein-sources-cost-per-gram-uk,9,1140,0.79%,15.93
https://www.mealprep.org.uk/blog/tesco-low-calorie-shopping-list,9,498,1.81%,9.26
https://www.mealprep.org.uk/blog/microwave-meal-prep-ideas-uk,9,395,2.28%,10.74
https://www.mealprep.org.uk/plans/lidl-budget-bodybuilding-3500,9,129,6.98%,6.32
https://www.mealprep.org.uk/meal-plans/1800-calorie,8,283,2.83%,15.29
https://www.mealprep.org.uk/blog/one-pot-high-protein-meals-uk,7,306,2.29%,22.23
https://www.mealprep.org.uk/blog/cheap-meal-prep-shopping-list-uk,7,277,2.53%,9.98
https://www.mealprep.org.uk/plans/aldi-weight-loss-1500,7,211,3.32%,24.22
https://www.mealprep.org.uk/blog/1200-calorie-meal-plan-uk,7,192,3.65%,13.39
https://www.mealprep.org.uk/plans/aldi-muscle-gain-2000,7,124,5.65%,7.62
https://www.mealprep.org.uk/blog/dairy-free-high-protein-meal-prep-uk,7,80,8.75%,7.45
https://www.mealprep.org.uk/blog/pescatarian-meal-prep-uk,7,60,11.67%,11.78
https://www.mealprep.org.uk/plans/aldi-pescatarian-1800-omega-three-v3,7,22,31.82%,5
https://www.mealprep.org.uk/plans/aldi-veg-low-cal-1500,6,2542,0.24%,9.61
https://www.mealprep.org.uk/blog/asda-meal-prep-uk,6,606,0.99%,7.82
https://www.mealprep.org.uk/meal-plans/2000-calorie,6,140,4.29%,19.59
https://www.mealprep.org.uk/meal-plans/cheap-student-meal-prep-aldi,6,31,19.35%,5.55
https://www.mealprep.org.uk/blog/cutting-diet-plan-uk,5,488,1.02%,21.67
https://www.mealprep.org.uk/plans/tesco-veg-low-cal-1800,5,464,1.08%,8.85
https://www.mealprep.org.uk/blog/best-meal-prep-cookbooks-uk,5,277,1.81%,11.85
https://www.mealprep.org.uk/blog/anti-inflammatory-diet-meal-plan-uk,5,265,1.89%,51.42
https://www.mealprep.org.uk/blog/best-kitchen-scales-for-meal-prep-uk,5,243,2.06%,9.21
https://www.mealprep.org.uk/plans/waitrose-high-protein-low-cal-1500-moderate-batch,5,242,2.07%,10.29
https://www.mealprep.org.uk/meal-plans/1200-calorie,5,210,2.38%,17
https://www.mealprep.org.uk/meal-plans/aldi-high-protein-meal-plan,5,155,3.23%,13.42
https://www.mealprep.org.uk/plans/any-cheap-hp-1800,5,123,4.07%,22.31
https://www.mealprep.org.uk/plans/any-muscle-gain-3000,5,106,4.72%,12.81
https://www.mealprep.org.uk/plans/tesco-pescatarian-1500-higher-protein-v3,5,59,8.47%,7.12
https://www.mealprep.org.uk/browse,4,6746,0.06%,38.15
https://www.mealprep.org.uk/blog/high-protein-low-calorie-meals,4,876,0.46%,27.56
https://www.mealprep.org.uk/blog/freezer-safe-meal-prep-containers,4,596,0.67%,12.98
https://www.mealprep.org.uk/meal-plans/high-protein,4,564,0.71%,35.81
https://www.mealprep.org.uk/meal-plan/busy-professional-meal-plan-uk,4,247,1.62%,26.3
https://www.mealprep.org.uk/blog/no-cook-meal-prep-ideas-uk,4,162,2.47%,30.02
https://www.mealprep.org.uk/blog/office-snack-drawer-ideas-uk,4,154,2.6%,8.71
https://www.mealprep.org.uk/blog/lidl-meal-prep-uk,4,113,3.54%,7.88
https://www.mealprep.org.uk/blog/night-shift-food-ideas-uk,4,108,3.7%,7.64
https://www.mealprep.org.uk/blog/air-fryer-high-protein-meal-prep-uk,4,100,4%,9.36
https://www.mealprep.org.uk/plans/lidl-budget-bodybuilding-3000-higher-protein-v3,4,41,9.76%,7.63
https://www.mealprep.org.uk/plans/aldi-menopause-pesc-1800,4,35,11.43%,7.17
https://www.mealprep.org.uk/blog/batch-cooking-for-beginners-uk,4,32,12.5%,12.44
https://www.mealprep.org.uk/plans/uk-cheap-high-protein-1800-very-cheap-batch,4,24,16.67%,7.46
https://www.mealprep.org.uk/plans/lidl-cheap-student-1800,4,15,26.67%,6.67
https://www.mealprep.org.uk/blog,3,6528,0.05%,31.4
https://www.mealprep.org.uk/blog/meal-prep-containers-uk,3,2779,0.11%,18.58
https://www.mealprep.org.uk/blog/best-lunch-bags-for-meal-prep-uk,3,643,0.47%,16.9
https://www.mealprep.org.uk/blog/high-protein-snacks-uk,3,603,0.5%,34.6
https://www.mealprep.org.uk/blog/meal-prep-boxes-for-work-lunches,3,348,0.86%,13.74
https://www.mealprep.org.uk/meal-prep-containers/freezer-safe,3,342,0.88%,21.01
https://www.mealprep.org.uk/blog/insulated-meal-prep-bags-uk,3,198,1.52%,14.63
https://www.mealprep.org.uk/meal-plans/tesco-high-protein-meal-plan,3,156,1.92%,7.71
https://www.mealprep.org.uk/blog/vacuum-sealer-meal-prep-uk,3,142,2.11%,15.94
https://www.mealprep.org.uk/meal-plan/cheap-high-protein-meal-plan-uk,3,93,3.23%,11.27
https://www.mealprep.org.uk/blog/freezer-friendly-lunch-ideas-uk,3,75,4%,26.99
https://www.mealprep.org.uk/blog/vegan-meal-prep-uk,3,66,4.55%,6.89
https://www.mealprep.org.uk/plans/aldi-vegan-low-cal-1500,3,66,4.55%,8.77
https://www.mealprep.org.uk/plans/tesco-weight-loss-1500-low-cal-swaps,3,62,4.84%,12.5
https://www.mealprep.org.uk/plans/asda-high-protein-low-cal-1800-budget-smart,3,50,6%,7.44
https://www.mealprep.org.uk/plans/aldi-anti-inflammatory-veg-1800-mediterranean,3,43,6.98%,6.4
https://www.mealprep.org.uk/plans/any-pescatarian-1500-batch-friendly-v3,3,43,6.98%,7.26
https://www.mealprep.org.uk/meal-plan/cheap-student-meal-plan-uk,3,42,7.14%,11.24
https://www.mealprep.org.uk/blog/family-high-protein-dinners-uk,3,36,8.33%,12.92
https://www.mealprep.org.uk/mealprep-plus,3,35,8.57%,19.69
https://www.mealprep.org.uk/plans/aldi-low-effort-1500-low-fuss-v3,3,31,9.68%,4.48
https://www.mealprep.org.uk/plans/lidl-budget-bodybuilding-2000-tinned-and-frozen-v3,3,29,10.34%,10.45
https://www.mealprep.org.uk/plans/any-muscle-gain-3500,3,27,11.11%,6.81
https://www.mealprep.org.uk/plans/marks-spencer-weight-loss-1600-moderate-standard,3,24,12.5%,6.04
https://www.mealprep.org.uk/plans/aldi-budget-bodybuilding-2500,3,21,14.29%,3.71
https://www.mealprep.org.uk/plans/any-high-protein-low-cal-1500,3,20,15%,6.8
https://www.mealprep.org.uk/plans/aldi-gym-beginner-2000-higher-protein-v3,3,19,15.79%,6.42
https://www.mealprep.org.uk/quiz,3,19,15.79%,22.16
https://www.mealprep.org.uk/plans/tesco-pescatarian-1800-higher-protein-v3,3,17,17.65%,4.71
https://www.mealprep.org.uk/plans/waitrose-weight-loss-1400-flexible-batch,3,12,25%,7.5
https://www.mealprep.org.uk/plans/lidl-body-recomp-1800,3,8,37.5%,3.38
https://www.mealprep.org.uk/meal-prep-containers,2,804,0.25%,13.42
https://www.mealprep.org.uk/blog/best-glass-meal-prep-containers-uk,2,561,0.36%,20.89
https://www.mealprep.org.uk/blog/low-calorie-snacks-uk,2,332,0.6%,11.53
https://www.mealprep.org.uk/blog/meal-prep-tubs-for-batch-cooking,2,324,0.62%,10.3
https://www.mealprep.org.uk/blog/skyr-greek-yogurt-meal-ideas-uk,2,290,0.69%,14.3
https://www.mealprep.org.uk/plans/marks-spencer-budget-fat-loss-1500-moderate-batch,2,229,0.87%,70.45
https://www.mealprep.org.uk/tools,2,202,0.99%,33.3
https://www.mealprep.org.uk/meal-plan/vegetarian-low-calorie-meal-plan,2,181,1.1%,25.18
https://www.mealprep.org.uk/blog/best-blender-for-meal-prep-smoothies-uk,2,163,1.23%,12.22
https://www.mealprep.org.uk/meal-plans/iceland,2,148,1.35%,4.64
https://www.mealprep.org.uk/blog/cutting-lunch-ideas-uk,2,88,2.27%,18.72
https://www.mealprep.org.uk/plans/tesco-budget-fat-loss-1500-very-cheap-batch,2,76,2.63%,31.3
https://www.mealprep.org.uk/blog/how-much-should-meal-prep-cost-uk,2,73,2.74%,5.55
https://www.mealprep.org.uk/meal-plan/high-protein-low-calorie-meal-plan,2,70,2.86%,37.3
https://www.mealprep.org.uk/plans/sainsburys-cutting-1600-low-calorie,2,65,3.08%,9.18
https://www.mealprep.org.uk/meal-plan/lidl-1800-calorie-meal-plan,2,62,3.23%,9.23
https://www.mealprep.org.uk/plans/any-pescatarian-1800-balanced-plate-v3,2,56,3.57%,6.89
https://www.mealprep.org.uk/meal-plan/aldi-1800-calorie-meal-plan,2,56,3.57%,7.7
https://www.mealprep.org.uk/plans/aldi-cheap-student-1800,2,54,3.7%,6.24
https://www.mealprep.org.uk/plans/aldi-budget-fat-loss-1500,2,52,3.85%,4.62
https://www.mealprep.org.uk/plans/aldi-pescatarian-1800,2,52,3.85%,6.94
https://www.mealprep.org.uk/plans/aldi-muscle-gain-2500-budget-batch,2,51,3.92%,4
https://www.mealprep.org.uk/plans/any-muscle-gain-2000,2,51,3.92%,9.27
https://www.mealprep.org.uk/blog/cold-lunch-ideas-for-work-uk,2,50,4%,12.48
https://www.mealprep.org.uk/meal-plans/morrisons,2,46,4.35%,4.07
https://www.mealprep.org.uk/plans/any-low-effort-1500-work-lunch-v3,2,42,4.76%,18.29
https://www.mealprep.org.uk/plans/any-muscle-gain-3000-higher-protein-vegetarian-v3,2,42,4.76%,40.05
https://www.mealprep.org.uk/blog/high-protein-breakfast-uk,2,41,4.88%,10.73
https://www.mealprep.org.uk/plans/lidl-cheap-hp-1800-budget-smart-v3,2,36,5.56%,6.36
https://www.mealprep.org.uk/plans/asda-hp-veg-1500-budget-smart,2,35,5.71%,6.49
https://www.mealprep.org.uk/plans/asda-muscle-gain-3000-batch-friendly-pescatarian-v3,2,34,5.88%,7.91
https://www.mealprep.org.uk/plans/aldi-high-protein-low-cal-1800-batch-cook,2,32,6.25%,7.25
https://www.mealprep.org.uk/plans/any-maintenance-pesc-2000,2,32,6.25%,7.91
https://www.mealprep.org.uk/plans/aldi-low-effort-2000-microwave-friendly,2,32,6.25%,8.34
https://www.mealprep.org.uk/plans/any-anti-inflammatory-1800-balanced-plate-pescatarian-v3,2,31,6.45%,6.87
https://www.mealprep.org.uk/plans/any-pescatarian-1800,2,31,6.45%,7.23
https://www.mealprep.org.uk/plans/aldi-pescatarian-weight-loss-1400-flexible-batch,2,28,7.14%,6.32
https://www.mealprep.org.uk/plans/aldi-anti-inflammatory-1800,2,28,7.14%,6.46
https://www.mealprep.org.uk/plans/iceland-muscle-gain-2500-budget-batch,2,27,7.41%,5.07
https://www.mealprep.org.uk/plans/any-high-protein-low-cal-1800-batch-friendly-v3,2,27,7.41%,6.89
https://www.mealprep.org.uk/blog/overnight-oats-meal-prep-uk,2,27,7.41%,18.59
https://www.mealprep.org.uk/plans/sainsburys-muscle-gain-2000-wholegrain-v3,2,26,7.69%,17
https://www.mealprep.org.uk/meal-plans/asda,2,25,8%,4.68
https://www.mealprep.org.uk/blog/five-day-work-lunch-meal-prep-uk,2,25,8%,13.92
https://www.mealprep.org.uk/plans/any-pescatarian-1800-mediterranean,2,23,8.7%,12.35
https://www.mealprep.org.uk/plans/any-vegan-low-cal-1800,2,23,8.7%,14.13
https://www.mealprep.org.uk/plans/lidl-maintenance-2000-wholegrain-v3,2,22,9.09%,4.14
https://www.mealprep.org.uk/plans/lidl-weight-loss-1500-very-cheap-batch,2,21,9.52%,7
https://www.mealprep.org.uk/plans/any-cutting-1400-high-protein,2,19,10.53%,29.58
https://www.mealprep.org.uk/plans/any-menopause-1800-calcium-rich-vegan-v3,2,17,11.76%,6.18
https://www.mealprep.org.uk/plans/any-veg-low-cal-1500,2,17,11.76%,8.59
https://www.mealprep.org.uk/plans/lidl-weight-loss-1500-work-lunch-v3,2,16,12.5%,5.81
https://www.mealprep.org.uk/plans/tesco-weight-loss-1500-batch-friendly-pescatarian-v3,2,16,12.5%,14.75
https://www.mealprep.org.uk/plans/any-cutting-1600-batch-cook,2,15,13.33%,10.67
https://www.mealprep.org.uk/plans/lidl-budget-fat-loss-1500-v2,2,14,14.29%,5.07
https://www.mealprep.org.uk/plans/waitrose-weight-loss-1500-moderate-batch,2,14,14.29%,11.5
https://www.mealprep.org.uk/plans/aldi-weight-loss-1800,2,12,16.67%,8.08
https://www.mealprep.org.uk/plans/aldi-pescatarian-1500,2,10,20%,7.5
https://www.mealprep.org.uk/plans/aldi-weight-loss-1500-very-cheap-batch,2,8,25%,5.62
https://www.mealprep.org.uk/plans/any-budget-bodybuilding-2000-budget-protein,2,8,25%,7.88
https://www.mealprep.org.uk/plans/lidl-vegan-low-cal-1500-protein-focused,2,8,25%,8.25
https://www.mealprep.org.uk/plans/any-weight-loss-1800-five-a-day-pescatarian-v3,2,8,25%,10.12
https://www.mealprep.org.uk/plans/aldi-budget-bodybuilding-3500-batch-friendly-v3,2,7,28.57%,6.86
https://www.mealprep.org.uk/plans/ocado-muscle-gain-2500-moderate-batch,2,7,28.57%,9.71
https://www.mealprep.org.uk/plans/tesco-low-effort-1800,2,2,100%,2
https://www.mealprep.org.uk/plans/aldi-hp-veg-2000,2,2,100%,10.5
https://www.mealprep.org.uk/meal-plans/weight-loss,1,820,0.12%,70.44
https://www.mealprep.org.uk/blog/meal-prep-for-beginners-uk,1,787,0.13%,26.04
https://www.mealprep.org.uk/blog/chicken-vs-eggs-protein-value-uk,1,469,0.21%,8.09
https://www.mealprep.org.uk/blog/glass-vs-plastic-meal-prep-containers,1,385,0.26%,11.34
https://www.mealprep.org.uk/blog/best-supermarket-for-high-protein-meal-prep-uk,1,314,0.32%,8.36
https://www.mealprep.org.uk/plans/lidl-high-protein-low-cal-1500-desk-lunch-v3,1,311,0.32%,9.18
https://www.mealprep.org.uk/blog/aldi-vs-lidl-meal-prep,1,293,0.34%,7.11
https://www.mealprep.org.uk/plans/any-budget-fat-loss-1500-budget-smart-v3,1,257,0.39%,61.25
https://www.mealprep.org.uk/blog/high-protein-gym-food-ideas-uk,1,256,0.39%,18.88
https://www.mealprep.org.uk/blog/tesco-high-protein-snacks-uk,1,214,0.47%,10.84
https://www.mealprep.org.uk/blog/one-pan-meal-prep-uk,1,176,0.57%,34.62
https://www.mealprep.org.uk/blog/chicken-and-rice-meal-prep-uk,1,174,0.57%,8.38
https://www.mealprep.org.uk/blog/summer-meals-uk,1,173,0.58%,24.46
https://www.mealprep.org.uk/blog/vegetarian-high-protein-snacks-uk,1,162,0.62%,13.77
https://www.mealprep.org.uk/blog/post-workout-meal-ideas-uk,1,148,0.68%,21.95
https://www.mealprep.org.uk/meal-plans/menopause,1,143,0.7%,24.28
https://www.mealprep.org.uk/plans/aldi-hp-veg-1800,1,134,0.75%,9.85
https://www.mealprep.org.uk/blog/muscle-building-meal-plan-uk,1,122,0.82%,23.7
https://www.mealprep.org.uk/blog/student-meal-prep-uk,1,120,0.83%,23.11
https://www.mealprep.org.uk/blog/cutting-breakfast-ideas-uk,1,119,0.84%,9.14
https://www.mealprep.org.uk/meal-plan/vegan-low-calorie-meal-plan,1,109,0.92%,29.34
https://www.mealprep.org.uk/blog/best-fibre-foods-for-weight-loss-uk,1,105,0.95%,21.51
https://www.mealprep.org.uk/blog/freezer-meal-prep-for-beginners-uk,1,94,1.06%,19.26
https://www.mealprep.org.uk/blog/reusable-ice-packs-for-lunch-bags-uk,1,92,1.09%,19.65
https://www.mealprep.org.uk/blog/pescatarian-high-protein-meals-uk,1,88,1.14%,39.47
https://www.mealprep.org.uk/blog/iceland-meal-prep-uk,1,87,1.15%,8.61
https://www.mealprep.org.uk/blog/high-protein-lunches-for-work-uk,1,76,1.32%,16.72
https://www.mealprep.org.uk/blog/family-meal-prep-on-a-budget-uk,1,73,1.37%,28.85
https://www.mealprep.org.uk/meal-plan/low-effort-meal-plan-uk,1,72,1.39%,40.35
https://www.mealprep.org.uk/plans/aldi-budget-fat-loss-1500-v2-high-fibre,1,66,1.52%,29.38
https://www.mealprep.org.uk/plans/waitrose-weight-loss-1400-moderate-low,1,62,1.61%,10.92
https://www.mealprep.org.uk/meal-plan/tesco-high-protein-meal-plan,1,60,1.67%,8.82
https://www.mealprep.org.uk/blog/high-protein-breakfast-meal-prep-uk,1,55,1.82%,28.98
https://www.mealprep.org.uk/choose-supermarket/lidl,1,50,2%,23.84
https://www.mealprep.org.uk/blog/low-calorie-high-volume-foods-uk,1,50,2%,32.68
https://www.mealprep.org.uk/blog/vegetarian-meal-prep-uk,1,46,2.17%,10.35
https://www.mealprep.org.uk/plans/lidl-high-protein-low-cal-1500-very-cheap-batch,1,45,2.22%,8.22
https://www.mealprep.org.uk/plans/lidl-cutting-1400-low-calorie,1,42,2.38%,22.76
https://www.mealprep.org.uk/plans/ocado-weight-loss-1400-moderate-standard,1,41,2.44%,35.73
https://www.mealprep.org.uk/plans/aldi-busy-professional-1800,1,38,2.63%,10.5
https://www.mealprep.org.uk/choose-supermarket/asda,1,38,2.63%,11.74
https://www.mealprep.org.uk/plans/aldi-budget-bodybuilding-3500-high-carb-fuel-v3,1,35,2.86%,8.03
https://www.mealprep.org.uk/plans/lidl-muscle-gain-2000-batch-friendly-v3,1,34,2.94%,5.65
https://www.mealprep.org.uk/blog/high-protein-vegetarian-meal-prep-uk,1,34,2.94%,14.29
https://www.mealprep.org.uk/plans/aldi-budget-bodybuilding-2500-batch-friendly-v3,1,33,3.03%,6.06
https://www.mealprep.org.uk/plans/sainsburys-endurance-3500-batch-friendly-v3,1,33,3.03%,8.55
https://www.mealprep.org.uk/plans/lidl-budget-bodybuilding-2000-budget-protein,1,32,3.12%,8.09
https://www.mealprep.org.uk/plans/any-vegan-low-cal-1500,1,32,3.12%,9.81
https://www.mealprep.org.uk/plans/any-hp-veg-2000,1,32,3.12%,15.16
https://www.mealprep.org.uk/plans/any-hp-veg-1800,1,32,3.12%,15.69
https://www.mealprep.org.uk/blog/cottage-cheese-meal-ideas-uk,1,32,3.12%,17.97
https://www.mealprep.org.uk/plans/tesco-budget-fat-loss-1500-high-fibre-v3,1,30,3.33%,16.6
https://www.mealprep.org.uk/plans/tesco-cutting-1400-lean-cut,1,29,3.45%,34.21
https://www.mealprep.org.uk/plans/uk-weight-loss-1500-very-cheap-batch,1,29,3.45%,38.21
https://www.mealprep.org.uk/plans/lidl-high-protein-low-cal-1500-quick-prep,1,28,3.57%,4.93
https://www.mealprep.org.uk/choose-supermarket/aldi,1,28,3.57%,9.68
https://www.mealprep.org.uk/plans/asda-muscle-gain-2000,1,27,3.7%,15.96
https://www.mealprep.org.uk/plans/aldi-pescatarian-weight-loss-1500-budget-standard,1,25,4%,4.88
https://www.mealprep.org.uk/plans/lidl-budget-fat-loss-1500-v2-simple-prep,1,25,4%,10.4
https://www.mealprep.org.uk/plans/lidl-budget-bodybuilding-3500-higher-protein-v3,1,25,4%,10.76
https://www.mealprep.org.uk/plans/any-budget-bodybuilding-2000-wholegrain-v3,1,25,4%,47.72
https://www.mealprep.org.uk/plans/sainsburys-budget-bodybuilding-2000-budget-batch,1,24,4.17%,9.12
https://www.mealprep.org.uk/plans/iceland-high-protein-low-cal-1500-high-variety,1,23,4.35%,6.78
https://www.mealprep.org.uk/plans/aldi-weight-loss-1400-very-cheap-batch,1,22,4.55%,4.59
https://www.mealprep.org.uk/plans/any-low-effort-1800-simple-protein,1,22,4.55%,5.91
https://www.mealprep.org.uk/plans/lidl-high-protein-low-cal-1800,1,21,4.76%,8.67
https://www.mealprep.org.uk/plans/sainsburys-pescatarian-1800-batch-friendly-v3,1,21,4.76%,9.19
https://www.mealprep.org.uk/plans/any-budget-bodybuilding-2000,1,21,4.76%,9.71
https://www.mealprep.org.uk/plans/tesco-anti-inflammatory-1800-mediterranean,1,20,5%,6.35
https://www.mealprep.org.uk/plans/morrisons-muscle-gain-3000,1,20,5%,12.45
https://www.mealprep.org.uk/plans/any-budget-bodybuilding-2000-budget-smart-v3,1,20,5%,24.85
https://www.mealprep.org.uk/plans/tesco-weight-loss-1500-v2,1,20,5%,62.55
https://www.mealprep.org.uk/meal-plans/ocado,1,19,5.26%,4.63
https://www.mealprep.org.uk/plans/morrisons-high-protein-low-cal-1800,1,19,5.26%,7.95
https://www.mealprep.org.uk/plans/any-endurance-2000,1,19,5.26%,15.21
https://www.mealprep.org.uk/plans/lidl-high-protein-low-cal-1800-high-variety,1,18,5.56%,7.67
https://www.mealprep.org.uk/plans/any-weight-loss-1800,1,18,5.56%,58.61
https://www.mealprep.org.uk/plans/lidl-budget-bodybuilding-3000,1,17,5.88%,10.65
https://www.mealprep.org.uk/plans/asda-muscle-gain-2500-v2-higher-protein-v3,1,17,5.88%,12.35
https://www.mealprep.org.uk/plans/any-veg-low-cal-1500-whole-food,1,17,5.88%,16.59
https://www.mealprep.org.uk/plans/lidl-low-effort-veg-1800-quick-shop-v3,1,16,6.25%,4.94
https://www.mealprep.org.uk/plans/sainsburys-endurance-3000-batch-friendly-v3,1,16,6.25%,12.38
https://www.mealprep.org.uk/plans/lidl-body-recomp-1800-recovery-v3,1,15,6.67%,4.33
https://www.mealprep.org.uk/plans/tesco-anti-inflammatory-1800,1,15,6.67%,5.67
https://www.mealprep.org.uk/plans/asda-budget-fat-loss-1800-freezer-friendly,1,15,6.67%,8.73
https://www.mealprep.org.uk/blog/meal-prep-containers-for-salads-uk,1,15,6.67%,9
https://www.mealprep.org.uk/plans/sainsburys-budget-fat-loss-1500-high-fibre,1,15,6.67%,27.8
https://www.mealprep.org.uk/meal-plans/1600-calorie,1,14,7.14%,6.71
https://www.mealprep.org.uk/plans/any-gym-beginner-1800-balanced-plate-vegetarian-v3,1,14,7.14%,7.43
https://www.mealprep.org.uk/meal-plans/2200-calorie,1,14,7.14%,33.07
https://www.mealprep.org.uk/plans/aldi-endurance-veg-2000-training-day,1,14,7.14%,38.36
https://www.mealprep.org.uk/plans/lidl-weight-loss-1800-five-a-day-v3,1,13,7.69%,8
https://www.mealprep.org.uk/blog/sunday-meal-prep-routine-uk,1,13,7.69%,16
https://www.mealprep.org.uk/plans/any-body-recomp-2000-lean-recomp,1,13,7.69%,18.62
https://www.mealprep.org.uk/plans/sainsburys-anti-inflammatory-2000,1,12,8.33%,5.83
https://www.mealprep.org.uk/meal-plans/pescatarian,1,12,8.33%,6.33
https://www.mealprep.org.uk/plans/iceland-high-protein-low-cal-1800-budget-smart,1,12,8.33%,6.5
https://www.mealprep.org.uk/meal-plans/1400-calorie,1,12,8.33%,15.92
https://www.mealprep.org.uk/plans/coop-budget-fat-loss-1500-budget-batch,1,11,9.09%,3.36
https://www.mealprep.org.uk/plans/morrisons-budget-bodybuilding-2000-budget-batch,1,11,9.09%,3.64
https://www.mealprep.org.uk/plans/aldi-weight-loss-1800-v3-quick-shop-v3,1,11,9.09%,8.73
https://www.mealprep.org.uk/plans/aldi-budget-fat-loss-1500-v2,1,11,9.09%,9.27
https://www.mealprep.org.uk/plans/tesco-weight-loss-1800-quick-shop-v3,1,11,9.09%,16.91
https://www.mealprep.org.uk/plans/any-maintenance-2000-high-fibre,1,10,10%,5.4
https://www.mealprep.org.uk/plans/sainsburys-anti-inflammatory-pesc-1800,1,10,10%,5.4
https://www.mealprep.org.uk/plans/sainsburys-high-protein-low-cal-1500-very-cheap-batch,1,10,10%,5.9
https://www.mealprep.org.uk/plans/lidl-hp-veg-1800-plant-forward-v3,1,10,10%,6
https://www.mealprep.org.uk/plans/aldi-vegan-low-cal-batch-1800-batch-cook,1,10,10%,7.9
https://www.mealprep.org.uk/plans/lidl-budget-fat-loss-1500-freezer-friendly,1,10,10%,8
https://www.mealprep.org.uk/plans/asda-muscle-gain-3000-recovery-pescatarian-v3,1,10,10%,10.8
https://www.mealprep.org.uk/plans/sainsburys-endurance-3000-higher-carb,1,10,10%,24
https://www.mealprep.org.uk/plans/lidl-low-effort-1500,1,9,11.11%,4.44
https://www.mealprep.org.uk/plans/aldi-budget-fat-loss-1800,1,9,11.11%,4.78
https://www.mealprep.org.uk/plans/sainsburys-endurance-3000,1,9,11.11%,5.78
https://www.mealprep.org.uk/plans/asda-cheap-high-protein-1800-very-cheap-batch,1,9,11.11%,6.11
https://www.mealprep.org.uk/choose-supermarket/marks-spencer,1,9,11.11%,6.44
https://www.mealprep.org.uk/plans/lidl-low-effort-veg-1800-simple-protein,1,9,11.11%,6.78
https://www.mealprep.org.uk/plans/lidl-cheap-hp-1800,1,9,11.11%,7.22
https://www.mealprep.org.uk/plans/tesco-high-protein-low-cal-1500-high-fibre-vegetarian-v3,1,9,11.11%,7.78
https://www.mealprep.org.uk/plans/sainsburys-muscle-gain-2500-meal-prep,1,9,11.11%,20.44
https://www.mealprep.org.uk/plans/any-endurance-2000-long-run-fuel,1,9,11.11%,33.22
https://www.mealprep.org.uk/plans/any-weight-loss-1800-veg,1,9,11.11%,34.67
https://www.mealprep.org.uk/plans/aldi-high-protein-low-cal-1800,1,8,12.5%,5.75
https://www.mealprep.org.uk/plans/aldi-muscle-gain-2000-v2-training-day-v3,1,8,12.5%,5.88
https://www.mealprep.org.uk/plans/lidl-veg-low-cal-1800-wholegrain-v3,1,8,12.5%,6.62
https://www.mealprep.org.uk/plans/tesco-menopause-1800-calcium-rich,1,8,12.5%,7
https://www.mealprep.org.uk/plans/any-weight-loss-1500-quick-prep,1,8,12.5%,26.75
https://www.mealprep.org.uk/plans/lidl-weight-loss-1800-lower-sugar-v4,1,7,14.29%,5.57
https://www.mealprep.org.uk/plans/aldi-cutting-1400,1,7,14.29%,5.71
https://www.mealprep.org.uk/plans/marks-spencer-budget-bodybuilding-2000-moderate-batch,1,7,14.29%,5.86
https://www.mealprep.org.uk/plans/any-hp-veg-2000-batch-friendly-v3,1,7,14.29%,7.57
https://www.mealprep.org.uk/plans/asda-muscle-gain-2000-higher-protein-v3,1,7,14.29%,16.43
https://www.mealprep.org.uk/plans/aldi-cutting-1400-quick-prep,1,7,14.29%,76.57
https://www.mealprep.org.uk/plans/uk-low-effort-1800-very-cheap-batch,1,6,16.67%,4.17
https://www.mealprep.org.uk/plans/aldi-menopause-1800-high-protein,1,6,16.67%,4.5
https://www.mealprep.org.uk/plans/lidl-maintenance-2000,1,6,16.67%,4.5
https://www.mealprep.org.uk/plans/lidl-pescatarian-1800-batch-cook,1,6,16.67%,5.17
https://www.mealprep.org.uk/plans/lidl-low-effort-1500-printable-prep-v3,1,6,16.67%,8
https://www.mealprep.org.uk/plans/aldi-veg-low-cal-1800,1,6,16.67%,8.67
https://www.mealprep.org.uk/plans/sainsburys-menopause-1800-high-fibre-vegetarian-v3,1,6,16.67%,9
https://www.mealprep.org.uk/plans/tesco-muscle-gain-2500-batch-friendly-v3,1,6,16.67%,35.17
https://www.mealprep.org.uk/meal-plans/asda-1800-calorie-meal-plan,1,5,20%,3.2
https://www.mealprep.org.uk/plans/sainsburys-cutting-1600,1,5,20%,3.6
https://www.mealprep.org.uk/plans/sainsburys-menopause-1600-high-fibre-v3,1,5,20%,4
https://www.mealprep.org.uk/plans/tesco-high-protein-low-cal-1800,1,5,20%,4.6
https://www.mealprep.org.uk/plans/aldi-cheap-student-1500-cook-once-v3,1,5,20%,4.8
https://www.mealprep.org.uk/plans/aldi-veg-low-cal-1500-batch-friendly-v3,1,5,20%,5
https://www.mealprep.org.uk/plans/aldi-weight-loss-1800-v3,1,5,20%,5.4
https://www.mealprep.org.uk/plans/lidl-high-protein-low-cal-veg-1800,1,5,20%,5.6
https://www.mealprep.org.uk/plans/aldi-cutting-1400-lower-sugar-v3,1,5,20%,5.8
https://www.mealprep.org.uk/plans/lidl-muscle-gain-2000-v2-high-variety,1,5,20%,6.8
https://www.mealprep.org.uk/plans/lidl-budget-fat-loss-1800-high-fibre,1,5,20%,8.4
https://www.mealprep.org.uk/plans/lidl-weight-loss-1500-lean-protein,1,5,20%,8.8
https://www.mealprep.org.uk/plans/asda-weight-loss-1500-quick-prep,1,5,20%,10
https://www.mealprep.org.uk/plans/aldi-weight-loss-1500-v2-balanced-plate-v3,1,5,20%,19.2
https://www.mealprep.org.uk/plans/sainsburys-weight-loss-veg-1500,1,5,20%,41.4
https://www.mealprep.org.uk/plans/marks-spencer-weight-loss-1400-flexible-standard,1,4,25%,2
https://www.mealprep.org.uk/plans/asda-cheap-student-1500-budget-smart-vegan-v3,1,4,25%,4
https://www.mealprep.org.uk/plans/aldi-gym-beginner-2000-budget-smart,1,4,25%,4.5
https://www.mealprep.org.uk/plans/coop-weight-loss-1400-flexible-standard,1,4,25%,4.5
https://www.mealprep.org.uk/plans/morrisons-veg-low-cal-1800-higher-protein-v3,1,4,25%,4.75
https://www.mealprep.org.uk/plans/any-high-protein-low-cal-veg-1800,1,4,25%,5.5
https://www.mealprep.org.uk/plans/lidl-budget-fat-loss-1800-budget-smart-v3,1,4,25%,5.5
https://www.mealprep.org.uk/plans/aldi-cheap-student-batch-2000-one-pan,1,4,25%,17.5
https://www.mealprep.org.uk/plans/any-muscle-gain-2500,1,4,25%,44.5
https://www.mealprep.org.uk/plans/lidl-hp-veg-1500,1,3,33.33%,1
https://www.mealprep.org.uk/plans/any-hp-veg-2000-batch-cook,1,3,33.33%,4.67
https://www.mealprep.org.uk/plans/asda-muscle-gain-3500-clean-bulk,1,3,33.33%,5
https://www.mealprep.org.uk/plans/waitrose-weight-loss-1500-flexible-standard,1,3,33.33%,5.33
https://www.mealprep.org.uk/plans/lidl-budget-fat-loss-veg-1500-freezer-friendly,1,3,33.33%,6.33
https://www.mealprep.org.uk/plans/coop-cheap-high-protein-1800-budget-batch,1,3,33.33%,7.33
https://www.mealprep.org.uk/plans/marks-spencer-gym-beginner-1800-moderate-batch,1,3,33.33%,7.67
https://www.mealprep.org.uk/plans/asda-high-protein-low-cal-pesc-1800-higher-protein-v3,1,3,33.33%,8
https://www.mealprep.org.uk/plans/iceland-muscle-gain-3500-wholegrain-v3,1,3,33.33%,9.67
https://www.mealprep.org.uk/plans/ocado-weight-loss-1600-flexible-standard,1,2,50%,4
https://www.mealprep.org.uk/plans/aldi-busy-professional-2000,1,2,50%,4.5
https://www.mealprep.org.uk/plans/iceland-weight-loss-1500,1,2,50%,5.5
https://www.mealprep.org.uk/plans/aldi-veg-low-cal-1800-batch-cook,1,2,50%,6
https://www.mealprep.org.uk/plans/tesco-endurance-2200-balanced-plate-v3,1,2,50%,6
https://www.mealprep.org.uk/plans/aldi-muscle-gain-2500-veg-recovery-v3,1,2,50%,9.5
https://www.mealprep.org.uk/plans/sainsburys-anti-inflammatory-pesc-1800-batch-cook,1,2,50%,10
https://www.mealprep.org.uk/plans/aldi-cheap-hp-veg-1800,1,1,100%,1
https://www.mealprep.org.uk/plans/asda-pescatarian-1800,1,1,100%,3
https://www.mealprep.org.uk/plans/tesco-body-recomp-pesc-2000-batch-cook,1,1,100%,3
https://www.mealprep.org.uk/plans/asda-busy-professional-1800-sunday-prep-v3,1,1,100%,6
https://www.mealprep.org.uk/blog/how-to-meal-plan-for-weight-loss,0,789,0%,65.72
https://www.mealprep.org.uk/blog/best-protein-shakers-uk,0,463,0%,30.83
https://www.mealprep.org.uk/meal-plans/low-calorie,0,394,0%,51.13
https://www.mealprep.org.uk/blog/protein-porridge-and-yogurt-breakfasts-uk,0,273,0%,26.86
https://www.mealprep.org.uk/blog/sainsburys-meal-prep-uk,0,271,0%,10.27
https://www.mealprep.org.uk/meal-prep-containers/glass,0,225,0%,34.59
https://www.mealprep.org.uk/blog/how-to-build-a-calorie-deficit,0,208,0%,53.57
https://www.mealprep.org.uk/blog/is-meal-prep-cheaper-than-meal-deals-uk,0,202,0%,14.32
https://www.mealprep.org.uk/blog/insulated-food-flasks-for-meal-prep-uk,0,178,0%,7.48
https://www.mealprep.org.uk/blog/1500-vs-1800-vs-2000-calories,0,172,0%,9.66
https://www.mealprep.org.uk/glass-meal-prep-containers,0,171,0%,39.49
https://www.mealprep.org.uk/blog/aldi-vs-tesco-meal-prep,0,160,0%,7.52
https://www.mealprep.org.uk/meal-plans/aldi-1500-calorie-meal-plan,0,154,0%,26.96
https://www.mealprep.org.uk/blog/cutting-food-ideas-uk,0,151,0%,18.89
https://www.mealprep.org.uk/blog/how-many-meal-prep-containers-do-you-need,0,140,0%,8.21
https://www.mealprep.org.uk/plans/lidl-vegan-low-cal-1800,0,129,0%,8.1
https://www.mealprep.org.uk/blog/best-sauce-pots-for-meal-prep-uk,0,124,0%,7.24
https://www.mealprep.org.uk/plans/lidl-budget-fat-loss-1500-very-cheap-batch,0,120,0%,8.1
https://www.mealprep.org.uk/blog/high-protein-snacks-without-protein-powder-uk,0,116,0%,14.38
https://www.mealprep.org.uk/plans/sainsburys-weight-loss-1500-work-lunch-v4,0,115,0%,82.27
https://www.mealprep.org.uk/meal-prep-containers/premium,0,105,0%,47.7
https://www.mealprep.org.uk/blog/500-calorie-dinner-ideas-uk,0,102,0%,45.7
https://www.mealprep.org.uk/meal-plan/muscle-gain-meal-plan-uk,0,100,0%,63.31
https://www.mealprep.org.uk/plans/tesco-high-protein-low-cal-pesc-1800,0,98,0%,6.59
https://www.mealprep.org.uk/blog/leakproof-meal-prep-containers-uk,0,83,0%,20.78
https://www.mealprep.org.uk/meal-prep-containers/freezer-bags,0,80,0%,30.59
https://www.mealprep.org.uk/blog/2000-calorie-weight-loss-meal-plan-uk,0,77,0%,24.83
https://www.mealprep.org.uk/meal-plan/iceland-budget-meal-plan,0,74,0%,7.35
https://www.mealprep.org.uk/blog/microwave-safe-meal-prep-containers-uk,0,73,0%,11.18
https://www.mealprep.org.uk/blog/how-to-store-meal-prep-safely-uk,0,70,0%,11.96
https://www.mealprep.org.uk/blog/meal-prep-for-two-people-uk,0,69,0%,13.8
https://www.mealprep.org.uk/plans/any-weight-loss-1500-balanced-plate-v4,0,60,0%,43.95
https://www.mealprep.org.uk/blog/intermittent-fasting-meal-plan-uk,0,59,0%,14.81
https://www.mealprep.org.uk/plans/coop-weight-loss-1500-budget-low,0,58,0%,34.43
https://www.mealprep.org.uk/meal-plans,0,57,0%,34.4
https://www.mealprep.org.uk/meal-plans/vegetarian-batch-cooking-meal-plan,0,57,0%,34.46
https://www.mealprep.org.uk/plans/coop-high-protein-low-cal-1500-budget-batch,0,54,0%,8.3
https://www.mealprep.org.uk/methodology,0,53,0%,14.53
https://www.mealprep.org.uk/plans/tesco-body-recomp-2000-batch-friendly-v3,0,52,0%,16.98
https://www.mealprep.org.uk/blog/low-calorie-meals-that-fill-you-up-uk,0,52,0%,53.31
https://www.mealprep.org.uk/meal-plan/high-protein-vegetarian-meal-plan-uk,0,51,0%,33.06
https://www.mealprep.org.uk/blog/cheap-protein-sources-uk-supermarkets,0,50,0%,17.9
https://www.mealprep.org.uk/plans/any-muscle-gain-3000-high-variety,0,48,0%,26.23
https://www.mealprep.org.uk/plans/any-maintenance-pesc-2000-five-a-day-v3,0,47,0%,6.21
https://www.mealprep.org.uk/plans/asda-veg-low-cal-1500-whole-food,0,47,0%,8.17
https://www.mealprep.org.uk/meal-plan/sainsburys-low-calorie-meal-plan,0,47,0%,8.68
https://www.mealprep.org.uk/blog/menopause-diet-plan-uk,0,44,0%,46.59
https://www.mealprep.org.uk/plans/lidl-budget-bodybuilding-2500-high-carb-fuel-v3,0,42,0%,13.36
https://www.mealprep.org.uk/blog/is-protein-powder-cheaper-than-food-uk,0,42,0%,15.76
https://www.mealprep.org.uk/plans/marks-spencer-weight-loss-1500-moderate-batch,0,42,0%,19.14
https://www.mealprep.org.uk/meal-prep-accessories,0,42,0%,41.43
https://www.mealprep.org.uk/blog/endurance-running-nutrition-uk,0,41,0%,19.17
https://www.mealprep.org.uk/blog/best-food-thermometers-for-meal-prep-uk,0,40,0%,9.25
https://www.mealprep.org.uk/meal-plan/asda-1800-calorie-meal-plan,0,40,0%,10.55
https://www.mealprep.org.uk/blog/bento-meal-prep-boxes-uk,0,40,0%,11.28
https://www.mealprep.org.uk/plans/morrisons-budget-fat-loss-1500-very-cheap-batch,0,40,0%,45.77
https://www.mealprep.org.uk/plans/any-muscle-gain-3000-performance-protein-vegetarian-v3,0,38,0%,40.71
https://www.mealprep.org.uk/questions,0,37,0%,13.19
https://www.mealprep.org.uk/plans/tesco-low-effort-1800-very-cheap-batch,0,35,0%,8.4
https://www.mealprep.org.uk/plans/morrisons-budget-fat-loss-1500-budget-smart,0,34,0%,60.71
https://www.mealprep.org.uk/about,0,33,0%,18.03
https://www.mealprep.org.uk/blog/dishwasher-safe-meal-prep-containers,0,31,0%,9.13
https://www.mealprep.org.uk/plans/morrisons-vegan-low-cal-1800-quick-prep,0,30,0%,8.3
https://www.mealprep.org.uk/plans/lidl-busy-professional-1800-grab-and-go,0,30,0%,8.4
https://www.mealprep.org.uk/plans/morrisons-low-effort-1800-fifteen-minute,0,29,0%,7.45
https://www.mealprep.org.uk/plans/any-hp-veg-1800-protein-focused,0,29,0%,34.21
https://www.mealprep.org.uk/plans/tesco-weight-loss-1500,0,28,0%,58.21
https://www.mealprep.org.uk/plans/iceland-high-protein-low-cal-1500,0,27,0%,8.04
https://www.mealprep.org.uk/plans/asda-low-effort-1800-very-cheap-batch,0,27,0%,8.63
https://www.mealprep.org.uk/plans/any-anti-inflammatory-1800,0,27,0%,11.04
https://www.mealprep.org.uk/blog/meal-prep-without-a-microwave-uk,0,27,0%,15.67
https://www.mealprep.org.uk/meal-plan/aldi-high-protein-meal-plan,0,26,0%,6.19
https://www.mealprep.org.uk/plans/asda-muscle-gain-2500-recovery-vegetarian-v3,0,26,0%,8.54
https://www.mealprep.org.uk/blog/best-vegetable-choppers-for-meal-prep-uk,0,26,0%,8.92
https://www.mealprep.org.uk/plans/morrisons-high-protein-low-cal-1500-low-fuss-v3,0,26,0%,25.62
https://www.mealprep.org.uk/plans/tesco-pescatarian-1500-quick-prep,0,25,0%,4.16
https://www.mealprep.org.uk/plans/morrisons-low-effort-1800-very-cheap-batch,0,25,0%,5.8
https://www.mealprep.org.uk/plans/morrisons-high-protein-low-cal-1500,0,25,0%,6.96
https://www.mealprep.org.uk/plans/any-high-protein-low-cal-1500-budget-smart,0,25,0%,43.56
https://www.mealprep.org.uk/plans/lidl-budget-bodybuilding-3500-tinned-and-frozen-v3,0,24,0%,13.04
https://www.mealprep.org.uk/plans/aldi-budget-bodybuilding-3500,0,23,0%,7.83
https://www.mealprep.org.uk/choose-supermarket/ocado,0,23,0%,9.04
https://www.mealprep.org.uk/plans/tesco-muscle-gain-2000-training-day-v3,0,23,0%,9.26
https://www.mealprep.org.uk/meal-plans/3000-calorie,0,23,0%,18.3
https://www.mealprep.org.uk/blog/plastic-meal-prep-containers-uk,0,22,0%,9.82
https://www.mealprep.org.uk/choose-supermarket/coop,0,22,0%,10.59
https://www.mealprep.org.uk/plans/aldi-pescatarian-1500-omega-three-v3,0,22,0%,11.27
https://www.mealprep.org.uk/plans/any-budget-fat-loss-1500,0,22,0%,20.36
https://www.mealprep.org.uk/blog/meal-prep-containers-for-soup-uk,0,22,0%,23.14
https://www.mealprep.org.uk/plans/sainsburys-weight-loss-1500,0,22,0%,56.77
https://www.mealprep.org.uk/plans/aldi-pescatarian-weight-loss-1400-budget-batch,0,21,0%,7.14
https://www.mealprep.org.uk/meal-plan/morrisons-1800-calorie-meal-plan,0,21,0%,7.48
https://www.mealprep.org.uk/plans/aldi-budget-fat-loss-batch-1800-simple-prep,0,21,0%,11.86
https://www.mealprep.org.uk/blog/five-ingredient-meal-prep-ideas-uk,0,21,0%,27.95
https://www.mealprep.org.uk/blog/gluten-free-lunch-ideas-uk,0,21,0%,38.38
https://www.mealprep.org.uk/plans/aldi-high-protein-low-cal-1500-higher-protein-v3,0,20,0%,5.8
https://www.mealprep.org.uk/plans/lidl-cheap-hp-1800-tinned-and-frozen-v3,0,20,0%,6.7
https://www.mealprep.org.uk/meal-plans/marks-spencer,0,20,0%,10.15
https://www.mealprep.org.uk/plans/tesco-muscle-gain-3000-higher-protein-v3,0,20,0%,23.15
https://www.mealprep.org.uk/plans/any-weight-loss-1500,0,20,0%,66.75
https://www.mealprep.org.uk/plans/morrisons-high-protein-low-cal-1800-high-variety,0,19,0%,10.26
https://www.mealprep.org.uk/plans/coop-low-effort-1800-budget-standard,0,19,0%,11.89
https://www.mealprep.org.uk/meal-plans/tesco,0,19,0%,16.42
https://www.mealprep.org.uk/plans/sainsburys-weight-loss-1500-very-cheap-batch,0,19,0%,26.68
https://www.mealprep.org.uk/choose-diet/high-protein-vegetarian,0,19,0%,33.89
https://www.mealprep.org.uk/choose-plan/weight-loss,0,19,0%,38.32
https://www.mealprep.org.uk/plans/lidl-pescatarian-1800,0,18,0%,3.78
https://www.mealprep.org.uk/plans/lidl-gym-beginner-1800-very-cheap-batch,0,18,0%,5.28
https://www.mealprep.org.uk/plans/marks-spencer-weight-loss-1400-moderate-batch,0,18,0%,6.61
https://www.mealprep.org.uk/plans/morrisons-weight-loss-1800,0,18,0%,9.44
https://www.mealprep.org.uk/plans/tesco-vegan-low-cal-1800,0,18,0%,11.44
https://www.mealprep.org.uk/plans/aldi-muscle-gain-3000-budget-bulk,0,18,0%,11.56
https://www.mealprep.org.uk/plans/any-low-effort-1500,0,18,0%,11.89
https://www.mealprep.org.uk/plans/lidl-muscle-gain-2500-wholegrain-v3,0,17,0%,4.94
https://www.mealprep.org.uk/plans/lidl-high-protein-low-cal-veg-1800-low-fuss-v3,0,17,0%,5.59
https://www.mealprep.org.uk/plans/sainsburys-low-effort-1800-very-cheap-batch,0,17,0%,5.94
https://www.mealprep.org.uk/plans/aldi-cheap-hp-1800-budget-smart-vegan-v3,0,17,0%,13.76
https://www.mealprep.org.uk/plans/lidl-high-protein-low-cal-1500,0,17,0%,14.82
https://www.mealprep.org.uk/plans/tesco-high-protein-low-cal-1800-high-variety,0,17,0%,15.35
https://www.mealprep.org.uk/meal-plan/tesco-1800-calorie-meal-plan,0,17,0%,16
https://www.mealprep.org.uk/plans/tesco-high-protein-low-cal-1500-quick-prep,0,17,0%,17.06
https://www.mealprep.org.uk/blog/1800-calorie-meal-plan-for-weight-loss-uk,0,17,0%,20.24
https://www.mealprep.org.uk/plans/sainsburys-gym-beginner-1800-very-cheap-batch,0,16,0%,4.38
https://www.mealprep.org.uk/plans/tesco-gym-beginner-2000-performance-protein-v3,0,16,0%,5.31
https://www.mealprep.org.uk/plans/aldi-pescatarian-weight-loss-1400-very-cheap-batch,0,16,0%,5.5
https://www.mealprep.org.uk/plans/aldi-pescatarian-weight-loss-1400-very-cheap-standard,0,16,0%,5.62
https://www.mealprep.org.uk/plans/sainsburys-cheap-high-protein-1800-very-cheap-batch,0,16,0%,6.5
https://www.mealprep.org.uk/plans/sainsburys-high-protein-low-cal-1500-quick-prep,0,16,0%,8.31
https://www.mealprep.org.uk/plans/uk-high-protein-low-cal-1500-very-cheap-batch,0,16,0%,10.31
https://www.mealprep.org.uk/meal-plans/budget-bodybuilding,0,16,0%,32.25
https://www.mealprep.org.uk/meal-plans/low-effort,0,16,0%,45.31
https://www.mealprep.org.uk/plans/tesco-muscle-gain-3000-wholegrain-v3,0,16,0%,48.19
https://www.mealprep.org.uk/blog/vegan-high-protein-meal-ideas-uk,0,16,0%,80.94
https://www.mealprep.org.uk/meal-plan/sainsburys-1800-calorie-meal-plan,0,15,0%,6.6
https://www.mealprep.org.uk/meal-plan/morrisons-low-calorie-meal-plan,0,15,0%,7.13
https://www.mealprep.org.uk/plans/asda-weight-loss-1500-very-cheap-batch,0,15,0%,7.6
https://www.mealprep.org.uk/plans/any-endurance-2000-batch-friendly-v3,0,15,0%,18.53
https://www.mealprep.org.uk/plans/sainsburys-body-recomp-2200,0,15,0%,22.6
https://www.mealprep.org.uk/plans/lidl-cutting-1400-higher-protein-v3,0,15,0%,62.13
https://www.mealprep.org.uk/plans/tesco-pescatarian-1500,0,14,0%,4.86
https://www.mealprep.org.uk/plans/asda-cheap-hp-1800-cook-once-v3,0,14,0%,5.43
https://www.mealprep.org.uk/plans/ocado-cheap-high-protein-1800-moderate-batch,0,14,0%,5.43
https://www.mealprep.org.uk/meal-plans/sainsburys,0,14,0%,5.79
https://www.mealprep.org.uk/blog/best-air-fryer-accessories-for-meal-prep-uk,0,14,0%,9.07
https://www.mealprep.org.uk/plans/asda-veg-low-cal-1500,0,14,0%,9.07
https://www.mealprep.org.uk/plans/sainsburys-high-protein-low-cal-1800-higher-protein-vegan-v3,0,14,0%,10.14
https://www.mealprep.org.uk/plans/marks-spencer-weight-loss-1500-flexible-batch,0,14,0%,10.64
https://www.mealprep.org.uk/plans/any-veg-low-cal-1500-plant-forward-v3,0,14,0%,12.5
https://www.mealprep.org.uk/plans/sainsburys-weight-loss-veg-1500-high-fibre-v4,0,14,0%,13.64
https://www.mealprep.org.uk/blog/rice-cooker-meal-prep-uk,0,14,0%,14.5
https://www.mealprep.org.uk/blog/low-calorie-dinners-for-meal-prep-uk,0,14,0%,16.64
https://www.mealprep.org.uk/meal-prep-containers/work-lunch,0,14,0%,19.07
https://www.mealprep.org.uk/plans/any-low-effort-1500-batch-light,0,14,0%,57.71
https://www.mealprep.org.uk/plans/lidl-pescatarian-1800-quick-shop-v3,0,13,0%,2.77
https://www.mealprep.org.uk/plans/lidl-weight-loss-1800,0,13,0%,5
https://www.mealprep.org.uk/plans/lidl-weight-loss-1800-low-cal-swaps,0,13,0%,5.62
https://www.mealprep.org.uk/plans/aldi-anti-inflammatory-veg-1800-high-fibre-v3,0,13,0%,5.77
https://www.mealprep.org.uk/plans/tesco-body-recomp-pesc-2000-batch-friendly-v3,0,13,0%,6.38
https://www.mealprep.org.uk/choose-supermarket/waitrose,0,13,0%,6.54
https://www.mealprep.org.uk/plans/asda-body-recomp-2200-high-protein,0,13,0%,7.23
https://www.mealprep.org.uk/plans/morrisons-gym-beginner-1800-batch-friendly-v3,0,13,0%,7.46
https://www.mealprep.org.uk/plans/asda-weight-loss-1500,0,13,0%,8.77
https://www.mealprep.org.uk/blog/healthy-ready-meal-alternatives-uk,0,13,0%,8.85
https://www.mealprep.org.uk/plans/iceland-cheap-hp-1800,0,13,0%,9.31
https://www.mealprep.org.uk/plans/lidl-budget-bodybuilding-2500-batch-friendly-v3,0,13,0%,9.92
https://www.mealprep.org.uk/plans/any-gym-beginner-1800-training-day,0,13,0%,10.46
https://www.mealprep.org.uk/blog/generic-uk-supermarket-meal-plan,0,13,0%,11.69
https://www.mealprep.org.uk/plans/any-high-protein-low-cal-1500-high-fibre-vegetarian-v3,0,13,0%,12.54
https://www.mealprep.org.uk/plans/tesco-anti-inflammatory-1800-five-a-day-v3,0,13,0%,13.38
https://www.mealprep.org.uk/plans/lidl-cheap-hp-1500,0,13,0%,18.92
https://www.mealprep.org.uk/plans/any-body-recomp-2000-balanced-plate-v3,0,13,0%,23.08
https://www.mealprep.org.uk/plans/sainsburys-pescatarian-1800,0,12,0%,4.75
https://www.mealprep.org.uk/plans/asda-low-effort-vegan-1800-fifteen-minute,0,12,0%,5.08
https://www.mealprep.org.uk/plans/aldi-cheap-hp-2000-best-value,0,12,0%,5.5
https://www.mealprep.org.uk/plans/aldi-cheap-hp-2000-performance-protein-v3,0,12,0%,6
https://www.mealprep.org.uk/plans/tesco-vegan-low-cal-easy-1800-protein-focused,0,12,0%,6.08
https://www.mealprep.org.uk/plans/sainsburys-pescatarian-1800-mediterranean,0,12,0%,6.42
https://www.mealprep.org.uk/plans/lidl-hp-veg-1800,0,12,0%,6.75
https://www.mealprep.org.uk/plans/sainsburys-anti-inflammatory-2000-balanced-plate-v3,0,12,0%,6.83
https://www.mealprep.org.uk/plans/lidl-hp-veg-1500-high-variety,0,12,0%,7
https://www.mealprep.org.uk/plans/waitrose-weight-loss-1400-moderate-standard,0,12,0%,7.83
https://www.mealprep.org.uk/plans/asda-high-protein-low-cal-1500-balanced-plate-v3,0,12,0%,8.58
https://www.mealprep.org.uk/plans/asda-low-effort-1500-microwave-friendly,0,12,0%,9.67
https://www.mealprep.org.uk/plans/asda-low-effort-1500,0,12,0%,13.75
https://www.mealprep.org.uk/plans/waitrose-weight-loss-1500-moderate-standard,0,12,0%,31.08
https://www.mealprep.org.uk/choose-calories/1500,0,12,0%,75.83
https://www.mealprep.org.uk/plans/morrisons-weight-loss-1500-meal-prep,0,12,0%,76.17
https://www.mealprep.org.uk/plans/iceland-cheap-student-1800-freezer-friendly,0,11,0%,5.73
https://www.mealprep.org.uk/plans/ocado-low-effort-1800-moderate-batch,0,11,0%,5.82
https://www.mealprep.org.uk/plans/sainsburys-endurance-2500-training-day-v3,0,11,0%,5.82
https://www.mealprep.org.uk/plans/iceland-low-effort-1800,0,11,0%,6
https://www.mealprep.org.uk/plans/waitrose-weight-loss-1600-moderate-standard,0,11,0%,6.09
https://www.mealprep.org.uk/plans/morrisons-body-recomp-2000-higher-protein-v3,0,11,0%,6.45
https://www.mealprep.org.uk/blog/air-fryer-meal-prep-uk,0,11,0%,6.91
https://www.mealprep.org.uk/blog/slow-cooker-meal-prep-uk,0,11,0%,11.73
https://www.mealprep.org.uk/plans/iceland-budget-bodybuilding-2000-higher-protein-v3,0,11,0%,14.91
https://www.mealprep.org.uk/plans/morrisons-weight-loss-vegan-1500-five-a-day-v4,0,11,0%,17.18
https://www.mealprep.org.uk/plans/tesco-low-effort-2000-fifteen-minute,0,11,0%,22.27
https://www.mealprep.org.uk/plans/any-body-recomp-2000-high-variety,0,11,0%,60.36
https://www.mealprep.org.uk/plans/tesco-budget-fat-loss-1500,0,11,0%,89.36
https://www.mealprep.org.uk/plans/lidl-low-effort-1500-no-cook,0,10,0%,3.3
https://www.mealprep.org.uk/plans/morrisons-cheap-student-1800-very-cheap-batch,0,10,0%,3.4
https://www.mealprep.org.uk/plans/aldi-hp-veg-1800-protein-focused,0,10,0%,5.3
https://www.mealprep.org.uk/choose-diet/pescatarian,0,10,0%,5.7
https://www.mealprep.org.uk/plans/coop-weight-loss-1400-budget-standard,0,10,0%,5.8
https://www.mealprep.org.uk/plans/sainsburys-low-effort-1800,0,10,0%,6.4
https://www.mealprep.org.uk/plans/tesco-cheap-hp-1800-cook-once-v3,0,10,0%,6.4
https://www.mealprep.org.uk/plans/aldi-budget-bodybuilding-2000-training-day-pescatarian-v3,0,10,0%,6.6
https://www.mealprep.org.uk/plans/morrisons-muscle-gain-3500-batch-friendly-v3,0,10,0%,6.9
https://www.mealprep.org.uk/plans/morrisons-high-protein-low-cal-pesc-1800-higher-protein-v3,0,10,0%,7.1
https://www.mealprep.org.uk/plans/tesco-pescatarian-1800,0,10,0%,7.1
https://www.mealprep.org.uk/plans/aldi-budget-fat-loss-1500-budget-smart,0,10,0%,8.5
https://www.mealprep.org.uk/plans/aldi-cheap-hp-1800-higher-protein-vegan-v3,0,10,0%,8.9
https://www.mealprep.org.uk/plans/sainsburys-body-recomp-2200-performance-protein-vegetarian-v3,0,10,0%,9.1
https://www.mealprep.org.uk/plans/iceland-budget-fat-loss-1500-very-cheap-batch,0,10,0%,9.8
https://www.mealprep.org.uk/choose-plan/low-effort,0,10,0%,11.8
https://www.mealprep.org.uk/plans/any-vegan-low-cal-1800-high-fibre,0,10,0%,12.4
https://www.mealprep.org.uk/plans/asda-budget-bodybuilding-2000-wholegrain-v3,0,10,0%,14.5
https://www.mealprep.org.uk/meal-prep-containers/leakproof,0,10,0%,15.6
https://www.mealprep.org.uk/plans/tesco-low-effort-1800-freezer-friendly-v3,0,10,0%,34.1
https://www.mealprep.org.uk/plans/aldi-body-recomp-veg-2000-training-day,0,10,0%,59.5
https://www.mealprep.org.uk/plans/sainsburys-gym-beginner-2000-training-day-v3,0,9,0%,4.89
https://www.mealprep.org.uk/plans/lidl-muscle-gain-2500-high-variety,0,9,0%,5.67
https://www.mealprep.org.uk/plans/asda-body-recomp-2000-balanced-plate-v3,0,9,0%,6
https://www.mealprep.org.uk/plans/asda-muscle-gain-3500-recovery-vegetarian-v3,0,9,0%,6
https://www.mealprep.org.uk/plans/lidl-gym-beginner-1800-budget-smart,0,9,0%,6.33
https://www.mealprep.org.uk/plans/aldi-low-effort-veg-1800-batch-light,0,9,0%,6.89
https://www.mealprep.org.uk/plans/sainsburys-weight-loss-1800,0,9,0%,6.89
https://www.mealprep.org.uk/plans/iceland-muscle-gain-3500,0,9,0%,7
https://www.mealprep.org.uk/plans/any-veg-low-cal-1800-high-fibre,0,9,0%,7.78
https://www.mealprep.org.uk/plans/any-busy-professional-2000-grab-and-go,0,9,0%,7.89
https://www.mealprep.org.uk/plans/sainsburys-endurance-3500-training-day,0,9,0%,9.44
https://www.mealprep.org.uk/plans/morrisons-weight-loss-1500-balanced-plate-pescatarian-v3,0,9,0%,9.67
https://www.mealprep.org.uk/plans/lidl-budget-fat-loss-1800-v2-budget-smart,0,9,0%,10
https://www.mealprep.org.uk/plans/lidl-endurance-2000-batch-cook,0,9,0%,10.11
https://www.mealprep.org.uk/plans/any-menopause-1800,0,9,0%,10.33
https://www.mealprep.org.uk/meal-plans/3500-calorie,0,9,0%,13
https://www.mealprep.org.uk/plans/aldi-budget-bodybuilding-veg-2000-training-day-v3,0,9,0%,13
https://www.mealprep.org.uk/plans/tesco-gym-beginner-2000-high-protein,0,9,0%,14.22
https://www.mealprep.org.uk/blog/3000-vs-3500-calorie-meal-plan-uk,0,9,0%,14.56
https://www.mealprep.org.uk/plans/lidl-busy-professional-2000-desk-lunch-v3,0,9,0%,15.22
https://www.mealprep.org.uk/plans/lidl-muscle-gain-2000-meal-prep,0,9,0%,25.67
https://www.mealprep.org.uk/blog/how-to-lose-weight-fast-uk,0,9,0%,44
https://www.mealprep.org.uk/choose-plan/muscle-gain,0,9,0%,60.11
https://www.mealprep.org.uk/plans/tesco-muscle-gain-2000-veg-higher-protein-v3,0,9,0%,68.56
https://www.mealprep.org.uk/plans/aldi-hp-veg-1800-wholegrain-v3,0,8,0%,5.62
https://www.mealprep.org.uk/plans/lidl-anti-inflammatory-1800-batch-cook,0,8,0%,5.88
https://www.mealprep.org.uk/plans/lidl-veg-low-cal-1500,0,8,0%,6
https://www.mealprep.org.uk/plans/ocado-weight-loss-1600-moderate-batch,0,8,0%,6.38
https://www.mealprep.org.uk/plans/lidl-high-protein-low-cal-veg-1800-quick-prep,0,8,0%,6.5
https://www.mealprep.org.uk/plans/tesco-vegan-low-cal-1500-protein-focused,0,8,0%,6.62
https://www.mealprep.org.uk/plans/asda-budget-fat-loss-1800-low-fuss-v3,0,8,0%,7.38
https://www.mealprep.org.uk/plans/asda-weight-loss-1800-lean-protein,0,8,0%,8.25
https://www.mealprep.org.uk/meal-plans/cheap-student,0,8,0%,8.88
https://www.mealprep.org.uk/blog/budget-vs-premium-meal-prep-containers,0,8,0%,9.25
https://www.mealprep.org.uk/plans/lidl-menopause-1800,0,8,0%,10.38
https://www.mealprep.org.uk/plans/aldi-weight-loss-1800-vegan-lower-sugar-v3,0,8,0%,12.75
https://www.mealprep.org.uk/plans/any-gym-beginner-2000,0,8,0%,13.12
https://www.mealprep.org.uk/plans/asda-budget-bodybuilding-2500-budget-smart-v3,0,8,0%,15.5
https://www.mealprep.org.uk/plans/sainsburys-low-effort-1800-microwave-friendly,0,8,0%,16.5
https://www.mealprep.org.uk/plans/tesco-low-effort-veg-1800-no-cook,0,8,0%,18.38
https://www.mealprep.org.uk/plans/sainsburys-hp-veg-2000-training-day,0,8,0%,19
https://www.mealprep.org.uk/plans/aldi-weight-loss-1500-five-a-day-vegan-v3,0,8,0%,21.5
https://www.mealprep.org.uk/plans/asda-body-recomp-2000,0,8,0%,22.12
https://www.mealprep.org.uk/plans/aldi-body-recomp-veg-2000-recovery-v3,0,8,0%,27.12
https://www.mealprep.org.uk/plans/tesco-cutting-1400,0,8,0%,28.5
https://www.mealprep.org.uk/plans/asda-body-recomp-2000-training-day,0,8,0%,31.62
https://www.mealprep.org.uk/plans/any-budget-fat-loss-1500-budget-smart,0,8,0%,57.75
https://www.mealprep.org.uk/plans/morrisons-maintenance-2000-family-friendly-v3,0,7,0%,2.71
https://www.mealprep.org.uk/plans/tesco-high-protein-low-cal-veg-1500-balanced-plate-v3,0,7,0%,3.29
https://www.mealprep.org.uk/plans/aldi-cutting-1600-low-fuss-v3,0,7,0%,4
https://www.mealprep.org.uk/plans/aldi-budget-fat-loss-1500-very-cheap-batch,0,7,0%,4.43
https://www.mealprep.org.uk/plans/aldi-budget-fat-loss-1500-freezer-friendly-v3,0,7,0%,4.71
https://www.mealprep.org.uk/plans/tesco-pescatarian-1800-high-protein,0,7,0%,4.71
https://www.mealprep.org.uk/plans/aldi-budget-fat-loss-veg-1800-cook-once-v3,0,7,0%,5.14
https://www.mealprep.org.uk/choose-calories/3500,0,7,0%,5.43
https://www.mealprep.org.uk/plans/any-gym-beginner-2000-recovery-v3,0,7,0%,5.43
https://www.mealprep.org.uk/plans/lidl-budget-bodybuilding-3000-lean-bulk,0,7,0%,5.57
https://www.mealprep.org.uk/plans/asda-weight-loss-1500-five-a-day-v3,0,7,0%,6
https://www.mealprep.org.uk/plans/aldi-budget-fat-loss-batch-1800-low-fuss-v3,0,7,0%,6.57
https://www.mealprep.org.uk/plans/iceland-budget-fat-loss-1500-tinned-and-frozen-v3,0,7,0%,6.71
https://www.mealprep.org.uk/plans/morrisons-veg-low-cal-1800-quick-prep,0,7,0%,6.86
https://www.mealprep.org.uk/plans/aldi-budget-bodybuilding-3500-budget-protein,0,7,0%,7.29
https://www.mealprep.org.uk/plans/lidl-high-protein-low-cal-1800-desk-lunch-v3,0,7,0%,7.43
https://www.mealprep.org.uk/plans/tesco-body-recomp-pesc-2000-higher-protein-v3,0,7,0%,7.43
https://www.mealprep.org.uk/plans/asda-low-effort-1800-microwave-friendly,0,7,0%,7.71
https://www.mealprep.org.uk/plans/tesco-budget-fat-loss-1800-v2-batch-cook,0,7,0%,7.71
https://www.mealprep.org.uk/plans/any-vegan-low-cal-1800-wholegrain-v3,0,7,0%,7.86
https://www.mealprep.org.uk/plans/sainsburys-cheap-student-1800-high-protein,0,7,0%,8.57
https://www.mealprep.org.uk/plans/tesco-muscle-gain-3500-higher-protein-v3,0,7,0%,9
https://www.mealprep.org.uk/choose-supermarket/sainsburys,0,7,0%,9.29
https://www.mealprep.org.uk/plans/iceland-low-effort-1500,0,7,0%,9.43
https://www.mealprep.org.uk/plans/marks-spencer-weight-loss-1500-moderate-standard,0,7,0%,11
https://www.mealprep.org.uk/blog/night-shift-meal-prep-uk,0,7,0%,11.29
https://www.mealprep.org.uk/plans/ocado-weight-loss-1500-flexible-batch,0,7,0%,11.43
https://www.mealprep.org.uk/plans/tesco-cheap-student-1500-high-protein,0,7,0%,12
https://www.mealprep.org.uk/meal-plans/waitrose,0,7,0%,12.57
https://www.mealprep.org.uk/plans/iceland-weight-loss-1500-high-fibre,0,7,0%,13.29
https://www.mealprep.org.uk/plans/asda-veg-low-cal-1800-five-a-day-v3,0,7,0%,13.57
https://www.mealprep.org.uk/plans/lidl-gym-beginner-1800-balanced-plate-v3,0,7,0%,14.71
https://www.mealprep.org.uk/plans/iceland-weight-loss-1800-low-cal-swaps,0,7,0%,14.86
https://www.mealprep.org.uk/plans/any-busy-professional-2000,0,7,0%,18.29
https://www.mealprep.org.uk/plans/any-vegan-low-cal-1500-whole-food,0,7,0%,18.57
https://www.mealprep.org.uk/plans/any-low-effort-1800-freezer-friendly-v3,0,7,0%,28
https://www.mealprep.org.uk/plans/lidl-cheap-student-2000-quick-shop-v3,0,6,0%,2.5
https://www.mealprep.org.uk/plans/sainsburys-weight-loss-1800-five-a-day-v4,0,6,0%,4.17
https://www.mealprep.org.uk/plans/aldi-low-effort-1800-very-cheap-batch,0,6,0%,4.5
https://www.mealprep.org.uk/plans/lidl-weight-loss-veg-1800-batch-friendly-v4,0,6,0%,4.67
https://www.mealprep.org.uk/plans/aldi-hp-veg-batch-1800-recovery-v3,0,6,0%,5.17
https://www.mealprep.org.uk/plans/tesco-muscle-gain-2500,0,6,0%,5.33
https://www.mealprep.org.uk/plans/lidl-low-effort-1800-printable-prep-v3,0,6,0%,5.67
https://www.mealprep.org.uk/plans/any-cheap-hp-1800-budget-smart-v3,0,6,0%,5.83
https://www.mealprep.org.uk/plans/asda-vegan-low-cal-1800,0,6,0%,5.83
https://www.mealprep.org.uk/plans/asda-budget-fat-loss-1500-batch-cook,0,6,0%,6
https://www.mealprep.org.uk/plans/asda-anti-inflammatory-1800,0,6,0%,6.5
https://www.mealprep.org.uk/plans/iceland-weight-loss-1800-work-lunch-v4,0,6,0%,6.83
https://www.mealprep.org.uk/plans/tesco-muscle-gain-3500-budget-bulk,0,6,0%,6.83
https://www.mealprep.org.uk/plans/aldi-gym-beginner-2000-recovery-v3,0,6,0%,7
https://www.mealprep.org.uk/plans/tesco-veg-low-cal-easy-1800-high-protein,0,6,0%,7
https://www.mealprep.org.uk/plans/aldi-budget-bodybuilding-2500-wholegrain-v3,0,6,0%,7.17
https://www.mealprep.org.uk/plans/lidl-budget-fat-loss-veg-1500-freezer-friendly-v3,0,6,0%,7.17
https://www.mealprep.org.uk/plans/aldi-muscle-gain-2500,0,6,0%,7.67
https://www.mealprep.org.uk/plans/asda-budget-bodybuilding-2000-budget-smart-v3,0,6,0%,8
https://www.mealprep.org.uk/plans/waitrose-cheap-high-protein-1800-moderate-batch,0,6,0%,8.33
https://www.mealprep.org.uk/plans/tesco-low-effort-veg-1800,0,6,0%,8.67
https://www.mealprep.org.uk/plans/lidl-hp-veg-1500-higher-protein-v3,0,6,0%,8.83
https://www.mealprep.org.uk/plans/any-cheap-student-veg-1800-cook-once-v3,0,6,0%,9.33
https://www.mealprep.org.uk/plans/tesco-budget-bodybuilding-2000-performance-protein-vegetarian-v3,0,6,0%,10.5
https://www.mealprep.org.uk/plans/aldi-budget-bodybuilding-2500-batch-cook,0,6,0%,10.83
https://www.mealprep.org.uk/plans/morrisons-hp-veg-1500,0,6,0%,10.83
https://www.mealprep.org.uk/plans/morrisons-busy-professional-2000,0,6,0%,11.33
https://www.mealprep.org.uk/plans/tesco-weight-loss-1800-veg-work-lunch-v3,0,6,0%,11.33
https://www.mealprep.org.uk/plans/lidl-busy-professional-2000-desk-lunch,0,6,0%,13.33
https://www.mealprep.org.uk/plans/aldi-weight-loss-1800-v3-low-cal-swaps,0,6,0%,16.5
https://www.mealprep.org.uk/blog/high-protein-pasta-meal-prep-uk,0,6,0%,17.83
https://www.mealprep.org.uk/plans/any-anti-inflammatory-1800-plant-forward,0,6,0%,17.83
https://www.mealprep.org.uk/plans/sainsburys-weight-loss-1500-high-fibre,0,6,0%,19.83
https://www.mealprep.org.uk/plans/aldi-budget-bodybuilding-veg-2000-training-day,0,6,0%,23.5
https://www.mealprep.org.uk/plans/asda-vegan-low-cal-1500-whole-food,0,6,0%,24.83
https://www.mealprep.org.uk/plans/uk-cheap-student-1800-very-cheap-batch,0,6,0%,32.83
https://www.mealprep.org.uk/meal-prep-containers/plastic,0,6,0%,41
https://www.mealprep.org.uk/plans/any-muscle-gain-2000-wholegrain-v3,0,6,0%,44.33
https://www.mealprep.org.uk/plans/asda-budget-fat-loss-1500-freezer-friendly-v3,0,5,0%,2.8
https://www.mealprep.org.uk/plans/coop-muscle-gain-2500-budget-batch,0,5,0%,3.4
https://www.mealprep.org.uk/plans/any-muscle-gain-2500-batch-friendly-v3,0,5,0%,3.6
https://www.mealprep.org.uk/plans/aldi-cheap-hp-1800-best-value,0,5,0%,3.8
https://www.mealprep.org.uk/plans/asda-cheap-student-1800-very-cheap-batch,0,5,0%,3.8
https://www.mealprep.org.uk/plans/tesco-vegan-low-cal-easy-1800,0,5,0%,3.8
https://www.mealprep.org.uk/plans/asda-body-recomp-2200-balanced-plate-v3,0,5,0%,4
https://www.mealprep.org.uk/plans/lidl-budget-bodybuilding-2000,0,5,0%,4
https://www.mealprep.org.uk/plans/marks-spencer-weight-loss-1400-flexible-batch,0,5,0%,4
https://www.mealprep.org.uk/plans/sainsburys-high-protein-low-cal-1800,0,5,0%,4.2
https://www.mealprep.org.uk/plans/aldi-high-protein-low-cal-1500-v2-high-variety,0,5,0%,4.4
https://www.mealprep.org.uk/plans/any-maintenance-pesc-2000-high-variety,0,5,0%,4.4
https://www.mealprep.org.uk/plans/aldi-low-effort-2000,0,5,0%,4.6
https://www.mealprep.org.uk/plans/iceland-high-protein-low-cal-1500-very-cheap-batch,0,5,0%,4.6
https://www.mealprep.org.uk/meal-plans/endurance,0,5,0%,4.8
https://www.mealprep.org.uk/plans/aldi-budget-fat-loss-pesc-1800,0,5,0%,4.8
https://www.mealprep.org.uk/plans/aldi-cutting-1600,0,5,0%,4.8
https://www.mealprep.org.uk/plans/aldi-weight-loss-1800-meal-prep,0,5,0%,4.8
https://www.mealprep.org.uk/plans/lidl-body-recomp-1800-training-day-v3,0,5,0%,4.8
https://www.mealprep.org.uk/plans/any-maintenance-2000-cook-once-pescatarian-v3,0,5,0%,5
https://www.mealprep.org.uk/plans/lidl-weight-loss-veg-1800,0,5,0%,5
https://www.mealprep.org.uk/plans/aldi-cutting-1400-low-calorie,0,5,0%,5.2
https://www.mealprep.org.uk/plans/sainsburys-busy-professional-1800-quick-shop-vegetarian-v3,0,5,0%,5.2
https://www.mealprep.org.uk/plans/sainsburys-vegan-low-cal-1500-plant-forward-v3,0,5,0%,5.2
https://www.mealprep.org.uk/plans/asda-body-recomp-2200,0,5,0%,5.4
https://www.mealprep.org.uk/plans/lidl-body-recomp-1800-batch-cook,0,5,0%,5.6
https://www.mealprep.org.uk/plans/lidl-endurance-2000,0,5,0%,5.6
https://www.mealprep.org.uk/plans/sainsburys-menopause-1600,0,5,0%,5.6
https://www.mealprep.org.uk/plans/lidl-muscle-gain-2500,0,5,0%,6
https://www.mealprep.org.uk/plans/aldi-body-recomp-veg-2000-desk-lunch-v3,0,5,0%,6.2
https://www.mealprep.org.uk/plans/tesco-cutting-1400-quick-prep,0,5,0%,6.4
https://www.mealprep.org.uk/plans/aldi-hp-veg-batch-1800-high-variety,0,5,0%,6.6
https://www.mealprep.org.uk/plans/any-pescatarian-1500-batch-cook,0,5,0%,6.6
https://www.mealprep.org.uk/plans/iceland-budget-bodybuilding-3000-budget-smart-v3,0,5,0%,6.8
https://www.mealprep.org.uk/plans/iceland-budget-fat-loss-1800-budget-smart,0,5,0%,6.8
https://www.mealprep.org.uk/plans/morrisons-high-protein-low-cal-1500-batch-cook,0,5,0%,6.8
https://www.mealprep.org.uk/plans/tesco-budget-fat-loss-1800-v2,0,5,0%,7.2
https://www.mealprep.org.uk/plans/tesco-busy-professional-1800-grab-and-go,0,5,0%,7.2
https://www.mealprep.org.uk/meal-plans/vegan-batch-cooking-meal-plan,0,5,0%,7.4
https://www.mealprep.org.uk/plans/lidl-budget-fat-loss-1500,0,5,0%,7.6
https://www.mealprep.org.uk/plans/ocado-weight-loss-1400-moderate-batch,0,5,0%,7.6
https://www.mealprep.org.uk/plans/any-low-effort-1800,0,5,0%,8
https://www.mealprep.org.uk/plans/any-busy-professional-2000-sunday-prep-v3,0,5,0%,8.4
https://www.mealprep.org.uk/plans/asda-gym-beginner-2000-higher-protein-pescatarian-v3,0,5,0%,8.6
https://www.mealprep.org.uk/plans/sainsburys-weight-loss-1800-batch-friendly-v3,0,5,0%,8.8
https://www.mealprep.org.uk/plans/aldi-muscle-gain-3000-training-day-v3,0,5,0%,9
https://www.mealprep.org.uk/plans/asda-weight-loss-1800,0,5,0%,9
https://www.mealprep.org.uk/plans/iceland-low-effort-1800-tinned-and-frozen-pescatarian-v3,0,5,0%,9
https://www.mealprep.org.uk/plans/waitrose-weight-loss-1600-moderate-batch,0,5,0%,9.6
https://www.mealprep.org.uk/plans/tesco-body-recomp-pesc-2000,0,5,0%,10.2
https://www.mealprep.org.uk/plans/aldi-menopause-pesc-1800-balanced-plate-v3,0,5,0%,10.8
https://www.mealprep.org.uk/plans/any-weight-loss-1800-veg-high-fibre-v3,0,5,0%,11.8
https://www.mealprep.org.uk/plans/any-hp-veg-1800-plant-forward-v3,0,5,0%,12
https://www.mealprep.org.uk/plans/lidl-weight-loss-1500,0,5,0%,12.4
https://www.mealprep.org.uk/plans/aldi-muscle-gain-2000-training-day-v3,0,5,0%,22
https://www.mealprep.org.uk/contact,0,5,0%,68.2
https://www.mealprep.org.uk/choose-calories/2000,0,5,0%,74.8
https://www.mealprep.org.uk/plans/tesco-menopause-1800-higher-protein-v3,0,4,0%,2.75
https://www.mealprep.org.uk/plans/aldi-low-effort-1800-no-cook,0,4,0%,3
https://www.mealprep.org.uk/plans/lidl-anti-inflammatory-1800,0,4,0%,3.25
https://www.mealprep.org.uk/plans/uk-gym-beginner-1800-very-cheap-batch,0,4,0%,3.5
https://www.mealprep.org.uk/plans/sainsburys-maintenance-2000-five-a-day-v3,0,4,0%,3.75
https://www.mealprep.org.uk/plans/any-budget-fat-loss-1800-batch-cook,0,4,0%,4
https://www.mealprep.org.uk/plans/tesco-cheap-student-1800,0,4,0%,4.25
https://www.mealprep.org.uk/terms,0,4,0%,4.25
https://www.mealprep.org.uk/plans/aldi-low-effort-1800-quick-shop-v3,0,4,0%,5
https://www.mealprep.org.uk/plans/aldi-weight-loss-1800-batch-friendly-vegetarian-v4,0,4,0%,5
https://www.mealprep.org.uk/plans/lidl-muscle-gain-2500-quick-shop-v3,0,4,0%,5
https://www.mealprep.org.uk/plans/sainsburys-anti-inflammatory-2000-high-fibre,0,4,0%,5
https://www.mealprep.org.uk/meal-plans/generic-uk-supermarket,0,4,0%,5.25
https://www.mealprep.org.uk/plans/any-gym-beginner-2000-batch-friendly-v3,0,4,0%,5.5
https://www.mealprep.org.uk/plans/sainsburys-veg-low-cal-1800-whole-food,0,4,0%,5.5
https://www.mealprep.org.uk/plans/aldi-anti-inflammatory-veg-1800,0,4,0%,5.75
https://www.mealprep.org.uk/plans/lidl-budget-bodybuilding-3500-training-day,0,4,0%,5.75
https://www.mealprep.org.uk/plans/aldi-endurance-2000-long-run-fuel,0,4,0%,6
https://www.mealprep.org.uk/plans/iceland-cheap-high-protein-1800-very-cheap-batch,0,4,0%,6
https://www.mealprep.org.uk/plans/aldi-body-recomp-1800,0,4,0%,6.25
https://www.mealprep.org.uk/plans/lidl-vegan-low-cal-1500-high-fibre-v3,0,4,0%,6.25
https://www.mealprep.org.uk/plans/sainsburys-busy-professional-2000-twenty-minute,0,4,0%,6.25
https://www.mealprep.org.uk/plans/asda-body-recomp-2200-training-day-v3,0,4,0%,6.5
https://www.mealprep.org.uk/plans/tesco-busy-professional-2000-workweek-prep,0,4,0%,6.75
https://www.mealprep.org.uk/plans/waitrose-weight-loss-1400-flexible-standard,0,4,0%,6.75
https://www.mealprep.org.uk/plans/aldi-endurance-2000-quick-shop-pescatarian-v3,0,4,0%,7.25
https://www.mealprep.org.uk/plans/morrisons-hp-veg-1800-protein-focused,0,4,0%,7.25
https://www.mealprep.org.uk/plans/aldi-pescatarian-1500-high-protein,0,4,0%,7.5
https://www.mealprep.org.uk/plans/iceland-muscle-gain-3500-quick-shop-v3,0,4,0%,7.5
https://www.mealprep.org.uk/blog/gluten-free-friendly-meal-prep-uk,0,4,0%,7.75
https://www.mealprep.org.uk/plans/tesco-endurance-pesc-2000-recovery,0,4,0%,7.75
https://www.mealprep.org.uk/plans/aldi-body-recomp-1800-desk-lunch-pescatarian-v3,0,4,0%,8
https://www.mealprep.org.uk/plans/aldi-busy-professional-1800-v2,0,4,0%,8
https://www.mealprep.org.uk/plans/asda-budget-fat-loss-vegan-1500-high-fibre,0,4,0%,8
https://www.mealprep.org.uk/plans/morrisons-hp-veg-1800,0,4,0%,8
https://www.mealprep.org.uk/plans/sainsburys-hp-veg-1800,0,4,0%,8
https://www.mealprep.org.uk/plans/iceland-low-effort-2000-batch-light,0,4,0%,8.25
https://www.mealprep.org.uk/plans/morrisons-cheap-student-1500-no-fuss,0,4,0%,8.25
https://www.mealprep.org.uk/blog/morrisons-meal-prep-uk,0,4,0%,8.5
https://www.mealprep.org.uk/plans/aldi-busy-professional-1800-low-fuss-v3,0,4,0%,8.5
https://www.mealprep.org.uk/plans/any-cheap-student-veg-1800-high-protein,0,4,0%,8.5
https://www.mealprep.org.uk/plans/asda-cutting-1400,0,4,0%,8.5
https://www.mealprep.org.uk/plans/asda-maintenance-2000-balanced-plate-vegan-v3,0,4,0%,8.75
https://www.mealprep.org.uk/plans/lidl-busy-professional-1800,0,4,0%,9.25
https://www.mealprep.org.uk/plans/sainsburys-body-recomp-2200-desk-lunch-vegetarian-v3,0,4,0%,9.25
https://www.mealprep.org.uk/plans/morrisons-budget-fat-loss-1800-freezer-friendly,0,4,0%,9.5
https://www.mealprep.org.uk/plans/tesco-cutting-pesc-1500-batch-cook,0,4,0%,10
https://www.mealprep.org.uk/plans/morrisons-weight-loss-1800-v2-high-fibre-v4,0,4,0%,11.25
https://www.mealprep.org.uk/plans/aldi-high-protein-low-cal-veg-1800-low-fuss-v3,0,4,0%,12
https://www.mealprep.org.uk/plans/tesco-veg-low-cal-1500-high-protein,0,4,0%,12.5
https://www.mealprep.org.uk/plans/tesco-muscle-gain-3500,0,4,0%,14
https://www.mealprep.org.uk/plans/asda-maintenance-2000-meal-prep,0,4,0%,14.25
https://www.mealprep.org.uk/plans/any-weight-loss-1800-veg-low-cal-swaps,0,4,0%,16.75
https://www.mealprep.org.uk/plans/asda-hp-veg-1800-training-day,0,4,0%,19
https://www.mealprep.org.uk/plans/tesco-muscle-gain-3000,0,4,0%,20
https://www.mealprep.org.uk/plans/aldi-budget-fat-loss-1500-v2-low-fuss-pescatarian-v3,0,4,0%,23.5
https://www.mealprep.org.uk/plans/lidl-muscle-gain-2000-recovery-v3,0,4,0%,27.25
https://www.mealprep.org.uk/plans/tesco-cutting-pesc-1500-low-fuss-v3,0,4,0%,27.75
https://www.mealprep.org.uk/plans/morrisons-weight-loss-1500,0,4,0%,28.75
https://www.mealprep.org.uk/plans/any-high-protein-low-cal-veg-1800-lean-protein,0,4,0%,29.5
https://www.mealprep.org.uk/plans/tesco-busy-professional-2000-batch-friendly-v3,0,4,0%,33
https://www.mealprep.org.uk/choose-supermarket/iceland,0,4,0%,33.75
https://www.mealprep.org.uk/blog/weekly-calorie-deficit-meal-prep-uk,0,4,0%,39.25
https://www.mealprep.org.uk/plans/tesco-muscle-gain-2000-veg-training-day,0,4,0%,40
https://www.mealprep.org.uk/choose-plan/budget-bodybuilding,0,4,0%,43.75
https://www.mealprep.org.uk/plans/tesco-cheap-student-2000-one-pan,0,4,0%,47
https://www.mealprep.org.uk/plans/aldi-weight-loss-1500-v2,0,4,0%,50.75
https://www.mealprep.org.uk/choose-supermarket/any,0,4,0%,54.5
https://www.mealprep.org.uk/privacy,0,4,0%,62.25
https://www.mealprep.org.uk/plans/aldi-high-protein-low-cal-1500-v2,0,3,0%,2.67
https://www.mealprep.org.uk/plans/lidl-budget-fat-loss-1500-high-fibre-v3,0,3,0%,2.67
https://www.mealprep.org.uk/plans/aldi-weight-loss-1800-v3-high-fibre-v4,0,3,0%,3.33
https://www.mealprep.org.uk/plans/morrisons-weight-loss-1500-quick-shop-v4,0,3,0%,3.33
https://www.mealprep.org.uk/plans/asda-budget-bodybuilding-2500-high-calorie,0,3,0%,3.67
https://www.mealprep.org.uk/plans/aldi-menopause-1800-calcium-rich-v3,0,3,0%,4
https://www.mealprep.org.uk/plans/coop-weight-loss-1400-budget-minimal,0,3,0%,4
https://www.mealprep.org.uk/plans/lidl-gym-beginner-1800-higher-protein-v3,0,3,0%,4
https://www.mealprep.org.uk/plans/lidl-low-effort-veg-1800,0,3,0%,4
https://www.mealprep.org.uk/plans/lidl-menopause-1800-high-protein,0,3,0%,4
https://www.mealprep.org.uk/plans/lidl-weight-loss-1500-v2-balanced-plate-v3,0,3,0%,4
https://www.mealprep.org.uk/plans/aldi-high-protein-low-cal-1500-v2-higher-protein-vegan-v3,0,3,0%,4.33
https://www.mealprep.org.uk/plans/aldi-low-effort-1800,0,3,0%,4.33
https://www.mealprep.org.uk/plans/tesco-endurance-2200,0,3,0%,4.33
https://www.mealprep.org.uk/plans/any-busy-professional-1800,0,3,0%,4.67
https://www.mealprep.org.uk/plans/asda-muscle-gain-2500-v2-meal-prep,0,3,0%,4.67
https://www.mealprep.org.uk/plans/asda-high-protein-low-cal-1800-v2-batch-friendly-v3,0,3,0%,5
https://www.mealprep.org.uk/plans/lidl-cheap-hp-1800-batch-cook,0,3,0%,5
https://www.mealprep.org.uk/plans/sainsburys-busy-professional-veg-1800-twenty-minute,0,3,0%,5
https://www.mealprep.org.uk/plans/tesco-menopause-veg-1800-high-fibre,0,3,0%,5
https://www.mealprep.org.uk/plans/sainsburys-budget-fat-loss-1500-cook-once-v3,0,3,0%,5.33
https://www.mealprep.org.uk/plans/sainsburys-endurance-2500,0,3,0%,5.33
https://www.mealprep.org.uk/plans/tesco-busy-professional-veg-1800-sunday-prep-v3,0,3,0%,5.33
https://www.mealprep.org.uk/plans/aldi-cheap-hp-2000,0,3,0%,5.67
https://www.mealprep.org.uk/plans/any-cutting-1400-desk-lunch-v3,0,3,0%,5.67
https://www.mealprep.org.uk/plans/morrisons-muscle-gain-3000-higher-protein-v3,0,3,0%,5.67
https://www.mealprep.org.uk/plans/tesco-muscle-gain-2500-high-carb-fuel-v3,0,3,0%,5.67
https://www.mealprep.org.uk/plans/tesco-vegan-low-cal-1800-batch-friendly-v3,0,3,0%,5.67
https://www.mealprep.org.uk/blog/how-many-calories-to-lose-weight,0,3,0%,6
https://www.mealprep.org.uk/plans/aldi-busy-professional-1800-v2-high-variety,0,3,0%,6
https://www.mealprep.org.uk/plans/lidl-budget-fat-loss-veg-1500,0,3,0%,6
https://www.mealprep.org.uk/plans/sainsburys-endurance-3500-recovery-v3,0,3,0%,6
https://www.mealprep.org.uk/plans/waitrose-weight-loss-1500-flexible-batch,0,3,0%,6
https://www.mealprep.org.uk/plans/aldi-budget-fat-loss-pesc-1800-simple-prep,0,3,0%,6.33
https://www.mealprep.org.uk/plans/tesco-endurance-2200-performance-protein-v3,0,3,0%,6.33
https://www.mealprep.org.uk/plans/tesco-muscle-gain-2000-veg,0,3,0%,6.33
https://www.mealprep.org.uk/blog/how-to-lose-belly-fat-uk,0,3,0%,6.67
https://www.mealprep.org.uk/plans/iceland-high-protein-low-cal-1500-balanced-plate-v3,0,3,0%,6.67
https://www.mealprep.org.uk/plans/lidl-maintenance-2000-high-variety,0,3,0%,6.67
https://www.mealprep.org.uk/plans/lidl-muscle-gain-2000-v2-recovery-v3,0,3,0%,6.67
https://www.mealprep.org.uk/plans/aldi-muscle-gain-2000-clean-bulk,0,3,0%,7
https://www.mealprep.org.uk/plans/aldi-weight-loss-1500-high-fibre,0,3,0%,7
https://www.mealprep.org.uk/plans/asda-hp-veg-1800,0,3,0%,7
https://www.mealprep.org.uk/plans/iceland-low-effort-1500-simple-protein,0,3,0%,7
https://www.mealprep.org.uk/plans/lidl-budget-fat-loss-1800,0,3,0%,7
https://www.mealprep.org.uk/plans/tesco-gym-beginner-1800-performance-protein-v3,0,3,0%,7
https://www.mealprep.org.uk/plans/lidl-cheap-student-vegan-1800-freezer-friendly,0,3,0%,7.33
https://www.mealprep.org.uk/plans/lidl-vegan-low-cal-1500,0,3,0%,7.33
https://www.mealprep.org.uk/plans/sainsburys-hp-veg-1800-budget-smart,0,3,0%,7.33
https://www.mealprep.org.uk/plans/aldi-budget-fat-loss-1800-low-fuss-pescatarian-v3,0,3,0%,7.67
https://www.mealprep.org.uk/plans/aldi-budget-fat-loss-pesc-1800-freezer-friendly-v3,0,3,0%,7.67
https://www.mealprep.org.uk/plans/any-gym-beginner-1800-quick-shop-vegetarian-v3,0,3,0%,7.67
https://www.mealprep.org.uk/plans/aldi-endurance-veg-2000,0,3,0%,8
https://www.mealprep.org.uk/plans/lidl-busy-professional-1800-low-fuss-v3,0,3,0%,8
https://www.mealprep.org.uk/plans/morrisons-muscle-gain-3000-batch-friendly-v3,0,3,0%,8
https://www.mealprep.org.uk/plans/sainsburys-busy-professional-1800-desk-lunch,0,3,0%,8
https://www.mealprep.org.uk/plans/sainsburys-cutting-1600-high-fibre-v3,0,3,0%,8
https://www.mealprep.org.uk/blog/tesco-clubcard-meal-prep-uk,0,3,0%,8.33
https://www.mealprep.org.uk/plans/iceland-budget-fat-loss-1800,0,3,0%,8.67
https://www.mealprep.org.uk/choose-supermarket/morrisons,0,3,0%,9
https://www.mealprep.org.uk/plans/aldi-budget-fat-loss-batch-1800,0,3,0%,9
https://www.mealprep.org.uk/plans/aldi-low-effort-1500,0,3,0%,9
https://www.mealprep.org.uk/plans/lidl-budget-fat-loss-1800-v2-high-fibre-v3,0,3,0%,9
https://www.mealprep.org.uk/plans/sainsburys-cheap-student-1800-quick-shop-v3,0,3,0%,9
https://www.mealprep.org.uk/plans/aldi-cheap-hp-veg-1800-tinned-and-frozen-v3,0,3,0%,9.33
https://www.mealprep.org.uk/plans/aldi-endurance-2000,0,3,0%,9.33
https://www.mealprep.org.uk/plans/aldi-pescatarian-weight-loss-1500-very-cheap-batch,0,3,0%,9.33
https://www.mealprep.org.uk/plans/coop-weight-loss-1400-moderate-standard,0,3,0%,9.33
https://www.mealprep.org.uk/plans/iceland-low-effort-1500-work-lunch-v3,0,3,0%,9.33
https://www.mealprep.org.uk/plans/morrisons-budget-fat-loss-1500,0,3,0%,9.33
https://www.mealprep.org.uk/plans/tesco-high-protein-low-cal-1500-very-cheap-batch,0,3,0%,9.33
https://www.mealprep.org.uk/blog/protein-meal-prep-without-powder-uk,0,3,0%,10
https://www.mealprep.org.uk/plans/aldi-low-effort-1500-no-cook,0,3,0%,10.33
https://www.mealprep.org.uk/plans/iceland-cheap-hp-1800-low-fuss-pescatarian-v3,0,3,0%,10.67
https://www.mealprep.org.uk/plans/sainsburys-endurance-2500-recovery,0,3,0%,10.67
https://www.mealprep.org.uk/plans/tesco-low-effort-2000-quick-shop-v3,0,3,0%,10.67
https://www.mealprep.org.uk/plans/aldi-budget-bodybuilding-2000-tinned-and-frozen-pescatarian-v3,0,3,0%,12
https://www.mealprep.org.uk/plans/lidl-weight-loss-veg-1800-high-fibre-v3,0,3,0%,12
https://www.mealprep.org.uk/plans/aldi-muscle-gain-2000-v2-clean-bulk,0,3,0%,12.33
https://www.mealprep.org.uk/plans/asda-low-effort-1500-freezer-friendly-vegetarian-v3,0,3,0%,12.33
https://www.mealprep.org.uk/blog/meal-prep-container-lids-leaking,0,3,0%,12.67
https://www.mealprep.org.uk/plans/lidl-cutting-1400-batch-cook,0,3,0%,13
https://www.mealprep.org.uk/plans/tesco-weight-loss-1500-v2-high-fibre,0,3,0%,13
https://www.mealprep.org.uk/plans/asda-cheap-student-1800-one-pan,0,3,0%,13.33
https://www.mealprep.org.uk/plans/tesco-hp-veg-2000,0,3,0%,14.33
https://www.mealprep.org.uk/plans/lidl-veg-low-cal-1800-quick-prep,0,3,0%,14.67
https://www.mealprep.org.uk/blog/weight-loss-meal-prep-mistakes-uk,0,3,0%,16.67
https://www.mealprep.org.uk/plans/morrisons-muscle-gain-3500-meal-prep,0,3,0%,19.33
https://www.mealprep.org.uk/plans/aldi-cheap-hp-1800,0,3,0%,20.67
https://www.mealprep.org.uk/plans/any-veg-low-cal-1800-high-fibre-v3,0,3,0%,20.67
https://www.mealprep.org.uk/plans/tesco-weight-loss-1800,0,3,0%,21.33
https://www.mealprep.org.uk/plans/tesco-cheap-hp-1800-low-fuss-v3,0,3,0%,22
https://www.mealprep.org.uk/blog/meal-prep-shopping-list-template-uk,0,3,0%,22.33
https://www.mealprep.org.uk/plans/any-budget-fat-loss-1800-tinned-and-frozen-v3,0,3,0%,24.33
https://www.mealprep.org.uk/plans/asda-budget-bodybuilding-2000,0,3,0%,25.67
https://www.mealprep.org.uk/plans/lidl-budget-bodybuilding-2500-lean-bulk,0,3,0%,26
https://www.mealprep.org.uk/plans/asda-budget-bodybuilding-2500-batch-friendly-v3,0,3,0%,27.33
https://www.mealprep.org.uk/plans/morrisons-busy-professional-1800-desk-lunch-vegan-v3,0,3,0%,28.33
https://www.mealprep.org.uk/plans/tesco-high-protein-low-cal-1500,0,3,0%,28.67
https://www.mealprep.org.uk/choose-diet/vegetarian,0,3,0%,29.33
https://www.mealprep.org.uk/plans/sainsburys-muscle-gain-2000-training-day-v3,0,3,0%,32.33
https://www.mealprep.org.uk/plans/tesco-weight-loss-1800-veg,0,3,0%,34.33
https://www.mealprep.org.uk/meal-plan/gym-beginner-meal-plan-uk,0,3,0%,35
https://www.mealprep.org.uk/plans/sainsburys-hp-veg-1800-higher-protein-v3,0,3,0%,35.33
https://www.mealprep.org.uk/plans/morrisons-weight-loss-vegan-1500,0,3,0%,38.33
https://www.mealprep.org.uk/plans/any-muscle-gain-2500-clean-bulk,0,3,0%,40.33
https://www.mealprep.org.uk/plans/any-muscle-gain-3500-recovery-vegetarian-v3,0,3,0%,42
https://www.mealprep.org.uk/plans/lidl-muscle-gain-2000,0,3,0%,50.33
https://www.mealprep.org.uk/plans/any-muscle-gain-3500-training-day,0,3,0%,53.67
https://www.mealprep.org.uk/meal-plans/high-protein-vegetarian-meal-prep,0,3,0%,61
https://www.mealprep.org.uk/plans/tesco-body-recomp-2000,0,3,0%,73
https://www.mealprep.org.uk/blog/what-does-1500-calorie-look-like-uk,0,2,0%,1
https://www.mealprep.org.uk/plans/asda-muscle-gain-3000,0,2,0%,1.5
https://www.mealprep.org.uk/plans/morrisons-muscle-gain-3500-recovery-v3,0,2,0%,2
https://www.mealprep.org.uk/plans/tesco-high-protein-low-cal-pesc-1800-desk-lunch-v3,0,2,0%,2
https://www.mealprep.org.uk/browse/page/20,0,2,0%,2.5
https://www.mealprep.org.uk/plans/asda-busy-professional-2000,0,2,0%,2.5
https://www.mealprep.org.uk/plans/morrisons-anti-inflammatory-1800-plant-forward-v3,0,2,0%,2.5
https://www.mealprep.org.uk/plans/iceland-low-effort-2000,0,2,0%,3
https://www.mealprep.org.uk/plans/lidl-budget-bodybuilding-2500,0,2,0%,3
https://www.mealprep.org.uk/plans/sainsburys-veg-low-cal-1800-higher-protein-v3,0,2,0%,3
https://www.mealprep.org.uk/plans/any-cutting-1600-batch-friendly-v3,0,2,0%,3.5
https://www.mealprep.org.uk/plans/asda-muscle-gain-2000-quick-shop-v3,0,2,0%,3.5
https://www.mealprep.org.uk/plans/iceland-muscle-gain-2000,0,2,0%,3.5
https://www.mealprep.org.uk/plans/aldi-veg-low-cal-1800-wholegrain-v3,0,2,0%,4
https://www.mealprep.org.uk/plans/asda-anti-inflammatory-1800-plant-forward,0,2,0%,4
https://www.mealprep.org.uk/plans/asda-busy-professional-veg-1800-high-variety,0,2,0%,4
https://www.mealprep.org.uk/plans/asda-muscle-gain-3000-meal-prep,0,2,0%,4
https://www.mealprep.org.uk/plans/asda-vegan-low-cal-1800-lower-sugar-v3,0,2,0%,4
https://www.mealprep.org.uk/plans/asda-weight-loss-1800-v2-meal-prep,0,2,0%,4
https://www.mealprep.org.uk/plans/lidl-menopause-1800-five-a-day-v3,0,2,0%,4
https://www.mealprep.org.uk/plans/sainsburys-menopause-1800,0,2,0%,4
https://www.mealprep.org.uk/plans/tesco-maintenance-vegan-2000-balanced-plate-v3,0,2,0%,4
https://www.mealprep.org.uk/plans/tesco-menopause-veg-1800-higher-protein-v3,0,2,0%,4
https://www.mealprep.org.uk/plans/aldi-muscle-gain-2500-training-day,0,2,0%,4.5
https://www.mealprep.org.uk/plans/asda-vegan-low-cal-1500-wholegrain-v3,0,2,0%,4.5
https://www.mealprep.org.uk/plans/lidl-weight-loss-1500-v2-lean-protein,0,2,0%,4.5
https://www.mealprep.org.uk/plans/sainsburys-cutting-1600-quick-prep,0,2,0%,4.5
https://www.mealprep.org.uk/plans/aldi-anti-inflammatory-1800-high-fibre-vegetarian-v3,0,2,0%,5
https://www.mealprep.org.uk/plans/aldi-cutting-1600-high-protein,0,2,0%,5
https://www.mealprep.org.uk/plans/aldi-high-protein-low-cal-1800-desk-lunch-v3,0,2,0%,5
https://www.mealprep.org.uk/plans/any-cheap-student-1800,0,2,0%,5
https://www.mealprep.org.uk/plans/lidl-cheap-student-1800-higher-protein-v3,0,2,0%,5
https://www.mealprep.org.uk/plans/morrisons-muscle-gain-2000-batch-friendly-pescatarian-v3,0,2,0%,5
https://www.mealprep.org.uk/plans/morrisons-muscle-gain-2500,0,2,0%,5
https://www.mealprep.org.uk/plans/sainsburys-busy-professional-2000,0,2,0%,5
https://www.mealprep.org.uk/plans/sainsburys-weight-loss-1500-lower-sugar-v3,0,2,0%,5
https://www.mealprep.org.uk/plans/tesco-anti-inflammatory-vegan-1800-high-fibre,0,2,0%,5
https://www.mealprep.org.uk/plans/tesco-busy-professional-pesc-1800-desk-lunch,0,2,0%,5
https://www.mealprep.org.uk/plans/waitrose-budget-bodybuilding-2000-moderate-batch,0,2,0%,5
https://www.mealprep.org.uk/choose-plan/budget-fat-loss,0,2,0%,5.5
https://www.mealprep.org.uk/plans/aldi-menopause-1800,0,2,0%,5.5
https://www.mealprep.org.uk/plans/lidl-cheap-student-vegan-1800-higher-protein-v3,0,2,0%,5.5
https://www.mealprep.org.uk/plans/lidl-low-effort-1800-batch-light,0,2,0%,5.5
https://www.mealprep.org.uk/plans/morrisons-muscle-gain-3000-budget-bulk,0,2,0%,5.5
https://www.mealprep.org.uk/plans/tesco-endurance-2200-training-day,0,2,0%,5.5
https://www.mealprep.org.uk/meal-plans/coop,0,2,0%,6
https://www.mealprep.org.uk/meal-plans/muscle-gain,0,2,0%,6
https://www.mealprep.org.uk/meal-plans/tesco-1500-calorie-meal-plan,0,2,0%,6
https://www.mealprep.org.uk/plans/any-high-protein-low-cal-veg-1800-high-fibre-v3,0,2,0%,6
https://www.mealprep.org.uk/plans/morrisons-cheap-hp-1800-tinned-and-frozen,0,2,0%,6
https://www.mealprep.org.uk/plans/ocado-budget-bodybuilding-2000-moderate-batch,0,2,0%,6
https://www.mealprep.org.uk/plans/tesco-menopause-veg-1800,0,2,0%,6
https://www.mealprep.org.uk/plans/tesco-weight-loss-1500-five-a-day-v4,0,2,0%,6
https://www.mealprep.org.uk/plans/aldi-body-recomp-1800-high-variety,0,2,0%,6.5
https://www.mealprep.org.uk/plans/aldi-veg-low-cal-1500-high-fibre,0,2,0%,6.5
https://www.mealprep.org.uk/plans/aldi-vegan-low-cal-1500-high-fibre,0,2,0%,6.5
https://www.mealprep.org.uk/plans/asda-busy-professional-2000-grab-and-go,0,2,0%,6.5
https://www.mealprep.org.uk/plans/asda-cheap-student-veg-1800-quick-shop-v3,0,2,0%,6.5
https://www.mealprep.org.uk/plans/asda-cutting-1400-batch-friendly-pescatarian-v3,0,2,0%,6.5
https://www.mealprep.org.uk/plans/asda-veg-low-cal-1800-high-fibre,0,2,0%,6.5
https://www.mealprep.org.uk/plans/coop-budget-bodybuilding-2000-budget-batch,0,2,0%,6.5