Top queries,Clicks,Impressions,CTR,Position
best meal prep containers,10,7809,0.13%,10.06
what does 1500 calories look like,7,569,1.23%,16
1500 calorie meal plan uk,6,309,1.94%,29.45
aldi protein meals,4,408,0.98%,7.69
lidl meal prep,4,46,8.7%,7.93
lidl shopping list,4,42,9.52%,7.02
600 calorie meals high protein,4,34,11.76%,8.71
tesco low calorie meals,3,372,0.81%,7.69
lidl meal planner,3,58,5.17%,6.29
cheap meal prep containers,3,51,5.88%,11.39
best supermarket protein meals,3,30,10%,7.63
lidl budget meal plan,3,19,15.79%,10.16
aldi meal prep high protein,3,17,17.65%,5.47
meal prep containers,2,732,0.27%,25.9
2500 calorie meal plan,2,282,0.71%,28.06
lidl protein meals,2,257,0.78%,9
batch cooking containers for freezer,2,60,3.33%,14.05
600 calorie meals,2,56,3.57%,24.39
breakfast prep containers,2,19,10.53%,9.58
lidl meal plan,2,16,12.5%,8.44
600 calorie high protein meals,2,15,13.33%,10.73
aldi low calorie foods,2,14,14.29%,6.93
1500 calorie meal plan high protein pdf,2,8,25%,4.5
aldi high protein recipes,2,7,28.57%,7
simple 1500 calorie meal plan,1,366,0.27%,50.07
printable 1500 calorie meal plan,1,319,0.31%,34.83
2000 calorie meal plan,1,209,0.48%,28.68
cheapest protein sources,1,197,0.51%,10.47
1800 calorie meal plan,1,189,0.53%,18.05
aldi low calorie meals,1,128,0.78%,8.55
yes,1,123,0.81%,4.29
sainsbury's healthy ready meals,1,123,0.81%,8.04
lidl high protein ready meals,1,96,1.04%,11.17
cheap sources of protein,1,93,1.08%,9.68
high protein low calorie meals,1,91,1.1%,17.53
high protein sandwiches,1,89,1.12%,11.06
yes please,1,78,1.28%,4.13
high protein sandwich fillings,1,78,1.28%,9.32
what 1500 calories looks like,1,70,1.43%,8
high protein aldi meals,1,64,1.56%,8.28
aldi high protein meals,1,62,1.61%,8.4
plastic meal prep containers,1,58,1.72%,15.6
best freezer bags,1,50,2%,16.74
aldi high protein foods,1,44,2.27%,10.27
meal.prep containers,1,44,2.27%,24
protein aldi,1,37,2.7%,8.11
lidl low calorie meals,1,37,2.7%,9.16
professional meal planner,1,37,2.7%,13.11
meal prep freezer bags,1,36,2.78%,7.75
1800 calories a day meal plan,1,35,2.86%,17.09
freezer meal prep containers,1,33,3.03%,11.45
freezer bags for meal prep,1,32,3.12%,6.91
1800 kcal meal plan,1,32,3.12%,24
lidl nutrient dense meals,1,30,3.33%,5.9
aldi low fat meals,1,29,3.45%,4.34
tesco low fat meals,1,29,3.45%,9.55
2000 calorie meal plan uk,1,26,3.85%,10.08
cheapest sources of protein uk,1,25,4%,14.56
breakfast jars,1,24,4.17%,14.5
tesco,1,23,4.35%,8.22
high protein aldi,1,21,4.76%,8.14
lidl,1,20,5%,4
1800 calorie meal plan uk,1,20,5%,16.55
cheapest high protein foods,1,19,5.26%,10.58
1500 calorie high protein meal plan,1,19,5.26%,19.05
meal planner lidl,1,18,5.56%,7.78
aldi high protein low calorie meals,1,18,5.56%,8
batch cooking containers for freezer uk,1,18,5.56%,11.67
pescatarian weight loss meal plan pdf,1,17,5.88%,8
1500 calories look like,1,16,6.25%,7.94
how 1500 calories look like,1,15,6.67%,5.07
aldi protein,1,15,6.67%,15.87
meal prep supermarket,1,14,7.14%,5.93
1400 calories,1,14,7.14%,12.71
cheap protein sources uk,1,14,7.14%,15.36
meal prep container size ml,1,13,7.69%,4.31
meal prep scales,1,13,7.69%,5.31
lidl slimming meals,1,13,7.69%,9.85
cheapest protein foods uk,1,12,8.33%,10.42
protein foods aldi,1,11,9.09%,9.55
aldi bulking meal plan,1,11,9.09%,15.18
aldi high protein meal prep,1,10,10%,5
one pot high protein meals,1,10,10%,9.2
2000 calorie meal plan high protein,1,10,10%,22
high protein foods aldi uk,1,9,11.11%,7.56
best meal prep cookbook,1,9,11.11%,14.44
high protein foods lidl,1,8,12.5%,7.25
2500 calorie meal plan for weight gain,1,8,12.5%,25.88
best meal prep books,1,7,14.29%,10.71
meal prep containers size,1,7,14.29%,14
aldi protien range,1,6,16.67%,8.5
aldi weight loss meal plan,1,6,16.67%,11.5
2000 kcal meal plan,1,6,16.67%,20
what does 1500 cal look like,1,5,20%,5
best bags for freezing food,1,5,20%,5.8
good jars for overnight oats,1,5,20%,9.2
lidl lunch options,1,5,20%,9.8
meal prep containers large,1,5,20%,10.8
overnight oats tubs,1,5,20%,11.2
da,1,4,25%,3.5
lidl budget meals,1,4,25%,5.75
lidl high protein meal prep,1,4,25%,8
aldi protein items,1,4,25%,8.5
high protein family meals uk,1,4,25%,12.5
"what does 1,500 calories look like",1,3,33.33%,6
budget weight loss meal plan,1,3,33.33%,40.67
what can i eat for 1400 calories a day,1,2,50%,1
best meal prep freezer containers,1,2,50%,3.5
1400 calories meal plan for weight loss,1,2,50%,5
lidl high protein lunch,1,2,50%,5
1400 calories a day diet,1,2,50%,6
lunch bag for meal prep containers,1,2,50%,7.5
best size tupperware for meal prep,1,2,50%,8
1800 calorie meal plan high protein pdf,1,2,50%,9
tupperware with ice pack,1,2,50%,9
cheap 1500 calorie meal plan,1,2,50%,10
1800 cal meal plan,1,2,50%,10.5
cheap high protein foods uk,1,2,50%,15.5
best overnight oats containers,1,2,50%,16.5
high protein family meals,1,2,50%,32.5
freezer bags for food,1,1,100%,2
no salmon,1,1,100%,2
cooking from scratch,1,1,100%,5
lidl mealprep,1,1,100%,5
morridons,1,1,100%,5
"1,500 calorie meal plan with normal food pdf",1,1,100%,7
high protein dairy free meal plan,1,1,100%,9
2000 calorie 7 day meal plan,1,1,100%,10
meal plan 2000 calories a day,1,1,100%,12
7 day aldi meal plan,1,1,100%,16
simple 600 calorie meals,1,1,100%,20
gym meal prep bag,1,1,100%,29
high protein dinners uk,1,1,100%,38
high protein foods uk,0,673,0%,19.25
cheap protein,0,660,0%,30.94
meal prep tubs,0,551,0%,11.75
1500 calorie meal plan,0,488,0%,41.68
low calorie foods,0,412,0%,24.31
1500 calorie diet,0,391,0%,40.6
1500 calorie meal,0,363,0%,43.49
low calorie meal plans uk,0,357,0%,51.35
1500 calories a day,0,349,0%,32.86
weight loss meal plan,0,336,0%,52.16
low calorie ready meals,0,322,0%,33.65
1500 calorie diet plan,0,308,0%,44.1
free online diet plans uk,0,296,0%,40.01
low calorie food,0,288,0%,26.76
glass meal prep containers,0,274,0%,26.14
lose weight meal plan uk,0,272,0%,62.3
meal prep,0,267,0%,31.64
1500 calories,0,248,0%,31.96
1500 kcal meal plan,0,247,0%,43.6
meal prep boxes,0,238,0%,35.76
cheap diet plan for weight loss,0,229,0%,47.97
1500 meal plan,0,223,0%,47.06
best low calorie ready meals,0,213,0%,26.78
calorie controlled meals,0,212,0%,25.45
diet plan uk free,0,210,0%,41.54
1500 calories a day diet,0,202,0%,36.6
meal plans for weight loss,0,199,0%,45.47
meal prep box,0,189,0%,29.76
low calorie diet plan uk,0,189,0%,44.31
meal planning for 1500 calories a day,0,186,0%,38.84
meal prep containers uk,0,186,0%,42.55
calorie plan,0,185,0%,46.98
1500 calories high protein diet plan,0,182,0%,37.63
slimming ready meals,0,179,0%,35.19
diet plans,0,169,0%,35.48
1500 calories a day meal plan,0,164,0%,30.88
low fat ready meals,0,164,0%,33.13
cheap high protein meals uk,0,158,0%,26.34
calorie controlled,0,155,0%,38.54
lunch prep containers,0,153,0%,24.81
low calorie diet plan,0,153,0%,39.69
meal prepping uk,0,152,0%,21.97
cheap high protein foods,0,149,0%,13.89
aldi meal planner,0,147,0%,8.89
diet meal plan uk,0,146,0%,39.4
weight loss meal plans,0,144,0%,51.71
calorie controlled ready meals,0,142,0%,35.07
diet meal plans,0,141,0%,57.7
meal planning low calorie,0,139,0%,35.87
low calorie weekly meal plan,0,138,0%,33.43
cheap diet plan,0,138,0%,44.3
low calorie meal deal,0,137,0%,25.31
meal plans,0,137,0%,36.61
cheapest protein uk,0,135,0%,21.51
low calorie microwave meals,0,135,0%,28.79
meal plans with calories,0,129,0%,37.01
meal plan for weight loss,0,126,0%,50.3
low calorie,0,125,0%,18.49
low calorie meal prep,0,125,0%,26.15
1500 calorie diet plan uk,0,122,0%,18.53
sainsburys healthy ready meals,0,118,0%,7.97
calorie counted meals,0,118,0%,37.13
1500 calorie diet uk,0,117,0%,18.44
food prep containers,0,116,0%,22.34
meal prep ideas uk,0,116,0%,30.6
diet meal plan,0,116,0%,51.09
eating 1500 calories a day,0,115,0%,28.93
1500 kcal diet,0,113,0%,37.45
generate a weekly meal plan using ingredients from uk supermarkets,0,113,0%,39.04
healthy ready meals sainsbury's,0,111,0%,8.19
protein porridge,0,111,0%,36.89
low calorie diet foods,0,110,0%,27.15
free online diet plans,0,109,0%,34.5
low fat diet plan uk,0,108,0%,55.81
1200 calorie meal plan on a budget uk,0,107,0%,22.36
calorie counted ready meals,0,107,0%,31.63
how to compare student meals by prep simplicity,0,106,0%,19.56
cutting meal prep,0,106,0%,23.08
meal planning for weight loss,0,106,0%,42.71
meal prep freezer containers,0,105,0%,23.91
free weight loss meal plans,0,105,0%,42.42
calorie diet plan,0,105,0%,45.29
meal plan by calories,0,102,0%,30.2
meal plan 2000 calories,0,101,0%,38.2
ready meals under 300 calories,0,100,0%,28.19
1500 calories diet,0,100,0%,36.94
1500 calorie diet for women,0,100,0%,42.81
low calorie diet plan free,0,100,0%,45.03
calorie meal planner,0,99,0%,45.42
free weight loss plan,0,98,0%,68.2
low calorie foods for weight loss,0,97,0%,14.18
food prep boxes,0,97,0%,25.55
low calorie meal plans,0,97,0%,35.77
protein pots,0,97,0%,36.85
1500 calorie diet for men,0,96,0%,42.81
meal plan,0,96,0%,45.82
where to find free meal plans,0,95,0%,13.76
healthy meal deals,0,95,0%,35.88
1500 calorie diet meal plans,0,95,0%,43.29
calorie meal,0,92,0%,28.13
1400 calorie meal plan uk,0,92,0%,30.27
high protein meal plan,0,92,0%,36.24
cheap protein uk,0,91,0%,16.14
where to find student meals with added protein,0,91,0%,24.98
low calorie meals uk,0,90,0%,25
diet plan uk,0,90,0%,33.63
1500 calorie diet plan for 7 days,0,90,0%,43.72
free diet plans,0,90,0%,45.04
free nutrition plan,0,89,0%,42.22
calorie deficit meal plan,0,89,0%,49.65
cut meals,0,88,0%,22.01
meal preparation,0,88,0%,37.17
meal plan weight loss,0,88,0%,51.77
meal prep lunch box,0,87,0%,17.93
healthy meal deal,0,87,0%,33.26
low fat meal plan,0,86,0%,48.72
cheap protein sources,0,85,0%,17.76
freezer tubs for batch cooking,0,85,0%,18.41
clean eating meal plan uk,0,85,0%,38.35
lidl high protein meals,0,84,0%,7.4
7 day 2000 calorie meal plan,0,84,0%,20.62
meal prepping,0,84,0%,25.42
protein shakers,0,84,0%,55.5
high protein pasta aldi,0,83,0%,9.48
meal prep tupperware,0,83,0%,15.42
aldi protein pasta,0,82,0%,10.43
breakfast pots,0,82,0%,33.79
free diet meal plans,0,82,0%,39.87
easy diet plan,0,82,0%,40.2
best weight loss ready meals supermarket,0,81,0%,10
protein shaker,0,81,0%,48.44
1000 calorie diet menu plan 7 days uk,0,80,0%,26.82
best glass tupperware uk,0,78,0%,20.1
what are the best prepared foods available at uk supermarkets?,0,78,0%,21.58
meal plan free,0,78,0%,33.65
protein pasta aldi,0,77,0%,9.99
1500 calorie deficit,0,76,0%,32.43
cheapest protein sources uk,0,75,0%,10.43
1400 calorie meal plan,0,75,0%,13.21
low calories food,0,75,0%,23.53
weight loss meal plan uk,0,75,0%,45.21
low calorie filling foods,0,74,0%,5.76
tesco meal planner,0,73,0%,16.37
2500 calorie diet,0,73,0%,35.97
protein bread aldi,0,71,0%,10.55
slim meals,0,71,0%,33.03
how to meal prep,0,70,0%,35.16
uk cheapest protein,0,70,0%,35.49
diet plan,0,70,0%,36.14
high protein diet plan,0,70,0%,44.8
lose weight quick meal plan,0,69,0%,37.43
calorie deficit diet plan free,0,69,0%,46.43
meal plans for women uk,0,69,0%,57.61
1500 calorie meal plan high protein,0,67,0%,17.88
freezable meal prep containers,0,67,0%,19.93
cheap lunch for weight loss,0,67,0%,24.91
online diet plans,0,67,0%,32.16
5 meals for 25 aldi,0,66,0%,10.64
meal plans uk,0,66,0%,42.39
calorie controlled meal plan,0,66,0%,42.85
budget meal planner aldi,0,65,0%,7.43
weight loss meal prep,0,65,0%,17.78
meal prep to lose weight,0,65,0%,18.2
fitness meal prep,0,65,0%,25.26
cheapest source of protein uk,0,64,0%,8.84
best foods for calorie deficit,0,64,0%,27.23
foods with low calories,0,64,0%,27.39
best diet plan uk,0,64,0%,35.81
1500-calorie diet,0,64,0%,38.27
high calorie meal prep,0,63,0%,20.78
containers for meal prep freezer,0,63,0%,24.35
nutrition meal,0,63,0%,27.9
diet planner,0,63,0%,33.81
high protein snacks,0,63,0%,37.57
meal preps,0,62,0%,31.06
meals for calorie counting,0,62,0%,31.9
cheapest protein,0,62,0%,40.13
food plan,0,62,0%,50.44
cheap sources of protein uk,0,61,0%,20.33
low-calorie foods,0,61,0%,21.66
meal prep container,0,61,0%,31.03
calorie deficit food plan,0,61,0%,33.36
best weight loss meal prep,0,60,0%,15.08
meal prep lunch bag,0,59,0%,10.64
free meal plans for weight loss,0,59,0%,30.9
low foods,0,58,0%,8.19
tesco calorie controlled meals,0,57,0%,7.89
what does 1500 calories a day look like,0,57,0%,10.72
low calorie meals tesco,0,56,0%,8.2
freezer containers for meal prep,0,56,0%,21.84
fat loss meal plan,0,56,0%,39.07
cheap low calorie meals,0,55,0%,6.24
aldi high protein pasta,0,55,0%,9.67
foods low in calories,0,55,0%,24.75
nutrition plans,0,55,0%,31.96
healthy diet vegetarian meal plan,0,55,0%,38.44
protein snacks,0,55,0%,43.96
weight loss meal planner,0,55,0%,47.62
diet planner for weight loss,0,55,0%,53.76
meal prep for weight loss,0,54,0%,24.65
breakfast pot,0,54,0%,33.37
diet plan free,0,54,0%,42.02
aldi high protein,0,53,0%,9.09
high protein low calorie meal prep,0,53,0%,23.91
meal containers,0,53,0%,29.85
meal prepping guide,0,53,0%,34.19
low calorie frozen meals,0,53,0%,35.89
healthy eating plan,0,53,0%,45.62
lowest calorie foods,0,52,0%,22.9
2 week diet plan,0,52,0%,36.13
high protein sandwich,0,51,0%,10.92
in vs out nutrition,0,51,0%,13.84
diet plan for weight loss uk,0,51,0%,47.02
healthy meal plans,0,50,0%,30.34
cheapest protein foods,0,50,0%,33.48
low calorie diet plans,0,50,0%,38.9
healthy eating plan uk,0,50,0%,39.48
meal planner for weight loss,0,50,0%,42.48
free meal plan,0,50,0%,45.8
weekly meal plans for weight loss,0,49,0%,41.37
aldi calorie controlled meals,0,48,0%,8.17
protein foods uk,0,48,0%,22.48
healthy diet plans,0,48,0%,41.27
low calorie foods uk,0,47,0%,21
meal prep plans for weight loss,0,47,0%,27.36
1800-calorie diet,0,47,0%,32.91
lose weight 1500 calories a day,0,47,0%,40.79
free diet plan for weight loss,0,47,0%,46.32
high protein diet plan uk,0,47,0%,51.72
6 week diet plan uk,0,46,0%,26.8
weekly diet plan,0,46,0%,40.8
personal diet plans,0,46,0%,41.67
aldi protein range,0,45,0%,8.51
best protein shaker,0,45,0%,32.13
aldi meal prep,0,44,0%,6.48
containers for food prep,0,44,0%,19.86
meals plans,0,44,0%,25.98
4 week diet plan uk,0,44,0%,35.66
diet food plan,0,44,0%,48.3
meal prep jars,0,43,0%,6.58
what blender capacity is best if i batch-prep smoothies for the whole week?,0,43,0%,10.53
evaluate the retail company marks & spencer on weekly meal plans,0,43,0%,10.81
gym meals,0,43,0%,25.91
diet meal prep,0,43,0%,26.91
500 calorie meals,0,43,0%,35.3
breakfast oat pots,0,43,0%,36.79
meal plan calorie deficit,0,43,0%,40.81
meal prepping containers,0,43,0%,41.51
meal prep for weight loss plan,0,43,0%,43.23
meal plan for fat loss,0,43,0%,47.47
meal prep bags for freezer,0,42,0%,7.57
free meal plan for weight loss female,0,42,0%,39.9
fat loss food plan,0,42,0%,43.45
fitness meal plan,0,42,0%,46.64
sainsbury healthy ready meals,0,41,0%,7.2
1400 calorie diet,0,41,0%,13.39
best meal prep containers uk,0,41,0%,14.85
prep meal lunch box,0,41,0%,26.66
free meal plans,0,41,0%,32.49
easy diet plans,0,41,0%,39.88
low calorie diet meal plan,0,41,0%,40
1400 calorie diet uk,0,41,0%,42.76
calorie counter meal planner,0,41,0%,47.22
2500 calories a day,0,40,0%,18.27
batch cooking containers,0,40,0%,18.8
low calorie diet food list,0,40,0%,23.8
foods that have low calories,0,40,0%,30.7
healthy low calorie foods,0,40,0%,39.05
high protein diet meal plan,0,40,0%,44.15
eating plan,0,40,0%,44.33
high protein meal plan uk,0,40,0%,51.6
meal prep bag,0,39,0%,16.74
budget oatmeal meal prep uk,0,39,0%,25.69
calorie deficit food,0,39,0%,32.18
easy prep,0,39,0%,33.21
calorie deficit plan,0,39,0%,55.67
"how do plastic freezer bags compare to rigid containers for budget meal 
prep?",0,38,0%,7.82
what is 1500 calories look like,0,38,0%,8.68
large meal prep containers,0,38,0%,10.5
protein noodles aldi,0,38,0%,10.74
meal plan for a week,0,38,0%,16.29
tesco diet plan,0,38,0%,20.16
meal prep for beginners,0,38,0%,24.24
best meal plan,0,38,0%,31.37
food meal plans,0,38,0%,34.34
simple meal plan to lose weight pdf,0,38,0%,36
lose weight meal plan,0,38,0%,44.39
food low calorie,0,37,0%,4.57
how does 1500 calories look like,0,37,0%,4.89
lidl protein meal,0,37,0%,8.38
high protein porridge lidl,0,37,0%,9.49
low-calorie food,0,37,0%,20.16
"i live in the uk. how does lidl compare with other supermarkets for 
high-protein foods for people eating smaller portions?",0,37,0%,29.41
weekly diet,0,37,0%,36.97
best lunch bags,0,37,0%,47.57
protein meals lidl,0,36,0%,8.64
cheap meal prep,0,36,0%,24.14
without the calories,0,36,0%,24.83
calorie deficit diet plan uk,0,36,0%,27.36
best containers meal prep,0,36,0%,35.33
good meal plan for weight loss,0,36,0%,42.08
eat this much alternative,0,36,0%,60.72
diet plan to build muscle and gain weight,0,36,0%,70.67
7-day meal plan for muscle gain,0,35,0%,8.23
high protein meals aldi,0,35,0%,8.26
"what jug capacity do i need in a blender for batch-prepping a week of 
smoothies?",0,35,0%,9.69
containers for batch cooking,0,35,0%,22.4
freezer containers meal prep,0,35,0%,30.34
aldi recipes uk,0,34,0%,5.47
breakfast meal prep containers,0,34,0%,9.24
lidl bulking meal plan,0,34,0%,10.91
protein meals,0,34,0%,18.88
gym meal prep,0,34,0%,24.38
cheap weight loss plans,0,34,0%,28.53
sample healthy meal plan,0,34,0%,46.68
2000 calorie diet,0,34,0%,49.15
calorie counting diet plan,0,34,0%,69.41
meal prep lidl,0,33,0%,6.88
sainsbury's meal prep containers,0,33,0%,9.52
batch cooking tubs,0,33,0%,10.09
simple 1500 calorie meal plan high protein,0,33,0%,12.58
weekly weight loss plan,0,33,0%,29.12
food prep,0,33,0%,42.27
diet with meal plan,0,33,0%,45.48
tesco budget meal planner,0,32,0%,23.56
best protein shakers,0,32,0%,37.47
calorie deficit meal plan free,0,32,0%,39.28
low calorie meal plan,0,32,0%,40.47
monthly diet plan,0,32,0%,48.5
low effort low calorie meals,0,31,0%,7.29
protein meals aldi,0,31,0%,15.26
30 day meal plan,0,31,0%,19.29
food diet plan,0,31,0%,40.39
asda meal prep containers,0,30,0%,7.37
low calorie meals aldi,0,30,0%,7.7
tesco vs iceland budget,0,30,0%,7.93
aldi meals,0,30,0%,9.7
best cheap protein,0,30,0%,12.57
aldi protein meal,0,30,0%,14.53
food storage containers meal prep,0,30,0%,20.9
meal prep storage containers,0,30,0%,23.27
meal planning ideas for weight loss,0,30,0%,32.37
sample meal plan for weight loss,0,30,0%,34.07
high protein snack,0,30,0%,37.7
nutrition food plan,0,30,0%,40.93
diet and meal plan,0,30,0%,43.47
meal plan for extreme weight loss,0,30,0%,59.2
good diet meal plans to lose weight,0,30,0%,63.73
high protein foods in supermarket,0,29,0%,9.55
prep meal containers,0,29,0%,21.28
vegetarian batch cooking,0,29,0%,27.66
free healthy meal plans,0,29,0%,29.34
low cost diet plan for weight loss,0,29,0%,32.31
high protein items,0,29,0%,35.34
uk meal planner,0,29,0%,36.55
healthy meal plan,0,29,0%,39.79
low cal ready meals,0,29,0%,40.1
healthy meal diet plan,0,29,0%,44.1
2 week weight loss meal plan,0,29,0%,44.79
healthy sandwich fillings,0,29,0%,45.76
good diet plans,0,29,0%,48.93
easy weight loss meal plan,0,29,0%,52.34
"how do i find the cheapest protein per £ spent when shopping across 
supermarket chains?",0,28,0%,5.43
high protein foods aldi,0,28,0%,6.93
aldi protein food,0,28,0%,8.14
food prep tubs,0,28,0%,10.25
high protein meals uk,0,28,0%,14.75
meal prep pots,0,28,0%,15.64
low calorie food choices,0,28,0%,16.5
food containers for food prep,0,28,0%,20.61
best meal prep plans for weight loss,0,28,0%,26.07
meal prep for students,0,28,0%,27.93
1 week meal plan to lose weight,0,28,0%,28.86
muscle building meal plan,0,28,0%,29.21
low calorie snacks to buy,0,28,0%,32.11
free healthy meal planner,0,28,0%,36.86
low calorie ready meal,0,28,0%,38.93
meal prep best containers,0,28,0%,39.79
simple meal plan to lose weight free,0,28,0%,52.43
lose weight diet plan meal,0,28,0%,68.5
cheapest protein sources per gram,0,27,0%,5.52
best food storage bags for freezer and meal prep in great britain,0,27,0%,7.63
aldi protein range uk,0,27,0%,7.89
high protein diet plan uk free pdf,0,27,0%,8.63
low calorie recipes for weight loss uk,0,27,0%,25.93
meal preparation containers,0,27,0%,26.3
student meal prep,0,27,0%,27.37
food for fitness,0,27,0%,27.89
low calorie high protein ready meals,0,27,0%,30.07
low calorie meal plan free,0,27,0%,30.74
glass meal planning containers,0,27,0%,37.48
5 week diet plan,0,27,0%,37.52
diet plan simple,0,27,0%,38.26
healthy plan,0,27,0%,41.52
madplan lidl,0,27,0%,48.3
anti inflammatory diet,0,27,0%,77.93
high protein meals lidl,0,26,0%,5.96
aldi protein products,0,26,0%,9.27
high protein low cost foods,0,26,0%,15.04
very low calorie foods,0,26,0%,22.96
healthy meal deal options,0,26,0%,28.92
fitness meals,0,26,0%,29.58
quick diet plan,0,26,0%,33.04
high protein low calorie ready meals,0,26,0%,33.77
low calorie high protein meal prep,0,26,0%,44.46
calorie counting meal plan,0,26,0%,50.27
protein diet plan,0,26,0%,55.42
aldi,0,25,0%,2.8
creme fraiche aldi,0,25,0%,8.96
meal prep bags uk,0,25,0%,11
best meal prep book for weight loss,0,25,0%,18.44
high protein low calorie diet meal plan,0,25,0%,33.72
cheap meal plans for weight loss,0,25,0%,41.68
1500 calories a day weight loss,0,25,0%,42.56
daily meal plan,0,25,0%,47.12
anti inflammatory diet plan,0,25,0%,47.16
free food plans for weight loss,0,25,0%,47.56
high protein low calorie diet,0,25,0%,48.44
calorie controlled diet,0,25,0%,68.2
meal prep boxes uk,0,25,0%,69.76
aldi low fat hummus,0,24,0%,10
cheap protein food,0,24,0%,10.38
freezer safe meal prep containers,0,24,0%,12.75
"i live in the uk. how does lidl's pricing compare to other supermarkets for 
meal planning?",0,24,0%,17.5
1800 calories a day,0,24,0%,23.08
example of meal plan,0,24,0%,30.71
high protein porridge,0,24,0%,30.88
skyr recipes uk,0,24,0%,33.33
easy to follow diet plan,0,24,0%,40.04
healthy diet meal plans,0,24,0%,40.08
low fat meal plans for weight loss,0,24,0%,44.96
reusable ice bags,0,24,0%,47.38
2000-calorie diet,0,24,0%,49.42
filling low calorie foods,0,23,0%,5.7
tesco weight loss meals,0,23,0%,8.96
tesco low calorie,0,23,0%,13.48
high protein cheap foods,0,23,0%,16.57
cheap protein foods,0,23,0%,18
best value protein breakfast foods uk,0,23,0%,18.22
1800 calorie meal prep,0,23,0%,22.43
menu plan for a week,0,23,0%,24.52
cheapest proteins,0,23,0%,25.7
1800 calorie diet,0,23,0%,34.3
7 day meal prep to lose weight,0,23,0%,37.65
pescatarian meal plan,0,23,0%,39.74
low calorie prepared meals,0,23,0%,41.7
"7-day 2,000-calorie meal plan",0,22,0%,7.55
cheap protein foods for bodybuilding,0,22,0%,8.23
low calorie bread aldi uk,0,22,0%,8.68
"i live in the uk. are there any lidl-exclusive products that are ideal for 
affordable meal prep?",0,22,0%,8.73
porridge container,0,22,0%,11.27
aldi meals ideas,0,22,0%,11.68
what does a 1500 calorie diet look like,0,22,0%,11.82
"i live in the uk. what high-protein food options does lidl offer that are 
both affordable and nutritious?",0,22,0%,13.09
tupperware for food prep,0,22,0%,20.41
weight loss meal prep plans,0,22,0%,38.95
protein snack,0,22,0%,43.23
what does a 1500 calories look like,0,21,0%,6.24
"i live in the uk. how does lidl's selection of high protein and high fibre 
foods compare to other supermarkets?",0,21,0%,7.38
aldi high protein range,0,21,0%,7.86
meal.prep tubs,0,21,0%,9.9
best low calorie foods,0,21,0%,10.76
food prep bag,0,21,0%,13.43
best glass meal prep containers,0,21,0%,13.52
cheapest source of protein,0,21,0%,14.9
meal prep bags,0,21,0%,21.33
budget meal prep for weight loss,0,21,0%,22.1
1800 calorie meal plan high protein,0,21,0%,23.86
uk meal prep blog,0,21,0%,25.48
2 week diet plan uk,0,21,0%,26.57
high protein lunch ideas uk,0,21,0%,28.71
microwave meals,0,21,0%,28.81
meal prep food storage containers,0,21,0%,30
low fat meals on a budget,0,21,0%,32.81
healthy meal prep ideas for weight loss on a budget,0,21,0%,41.1
meal prep food containers,0,21,0%,45.33
2500 kcal meal plan,0,21,0%,47.24
cut diet plan,0,21,0%,47.29
meal plan for calorie deficit,0,21,0%,48.29
very low calorie diet plan,0,21,0%,49.29
top supermarkets for family meal plans,0,20,0%,3.05
1500 calories looks like,0,20,0%,8.4
"i live in the uk. how do lidl's ready meals compare in price and quality to 
other supermarket brands?",0,20,0%,9.5
best kitchen scales uk,0,20,0%,12.35
"i live in the uk. what are the best high protein and high fibre products at 
lidl for someone on a budget?",0,20,0%,13.05
low fat meal prep,0,20,0%,13.05
"i live in the uk. what variety of ready meals does lidl offer, and are they 
convenient for quick preparation?",0,20,0%,13.85
cheap protein meals uk,0,20,0%,15.75
food prep bags,0,20,0%,16.75
cheap bodybuilding meals,0,20,0%,20.05
meal prep book,0,20,0%,22.7
meal prep ideas for weight loss,0,20,0%,23.6
reusable meal prep containers,0,20,0%,29.4
prep meal tupperware,0,20,0%,30
high protein dinner ideas uk,0,20,0%,31.15
low calorie meal plan for weight loss,0,20,0%,32.9
cutting diet meal plan,0,20,0%,33.25
example meal plan,0,20,0%,35.45
3000 calorie vegetarian bodybuilding meal plan,0,20,0%,37.25
menus for weight loss,0,20,0%,40.35
diet plan for beginners,0,20,0%,41.3
beginner weight loss meal prep,0,20,0%,46.05
simple meal plan to lose weight,0,20,0%,53.2
healthiest ready meals sainsbury's,0,19,0%,5.74
best low calorie food,0,19,0%,7.32
cheapest protein source uk,0,19,0%,9.05
glass tubs for meal prep,0,19,0%,10
106g boiled egg calories,0,19,0%,10.11
low calorie meals supermarket,0,19,0%,10.26
aldi protein lentil bolognese,0,19,0%,11.11
cheap high protein food,0,19,0%,15.05
affordable protein foods,0,19,0%,17.53
low calorie batch cooking,0,19,0%,19.63
1800 calorie meal plan with grocery list,0,19,0%,23.79
meal plans for menopause,0,19,0%,25.16
1800 calories,0,19,0%,26.11
bulk food prep containers,0,19,0%,26.74
meal plans for healthy eating,0,19,0%,32.89
prep food containers,0,19,0%,33
are noodle pots cheaper than takeaway lunch,0,19,0%,42.63
meal plan uk,0,19,0%,44.16
isolator fitness,0,19,0%,44.63
healthy food meal plan,0,19,0%,45.53
best lunch bag,0,19,0%,48.53
meal plans free weight loss,0,19,0%,51.21
healthy food plan,0,19,0%,53.53
planning weight loss,0,19,0%,58.89
150g protein under 1500 calories,0,18,0%,8
cheapest protein per gram,0,18,0%,11.83
meal prep lunch boxes,0,18,0%,12.06
budget meal prep for muscle gain,0,18,0%,16
high protein foods for cheap,0,18,0%,17.72
high protein snacks uk supermarket,0,18,0%,21.28
prep containers,0,18,0%,24.33
uk best protein snacks,0,18,0%,26.11
tesco diet,0,18,0%,26.33
top meal prep containers,0,18,0%,30.28
post workout meal,0,18,0%,32.44
best way to freeze food in portions,0,18,0%,32.67
diet ready meals,0,18,0%,37.89
meal planner uk,0,18,0%,38.61
protein diet plans,0,18,0%,41.22
"i live in the uk. can i find smaller-portion meal ideas at lidl for someone 
taking weight loss injections?",0,18,0%,43.89
meal plan program,0,18,0%,46
meal plan quick weight loss,0,18,0%,47.06
1500 calorie meal plan and grocery list,0,18,0%,51.28
meal plans weight loss,0,18,0%,55.17
weekly meal prep uk,0,18,0%,55.44
low calorie high protein meals,0,18,0%,57.22
lidl nutritionally dense meals,0,17,0%,3.65
lidl high protein meal,0,17,0%,6
m&s bake plan,0,17,0%,8
"i live in the uk. how do lidl's ready meals compare in terms of price and 
quality to other supermarkets?",0,17,0%,8.29
sainsbury's ready meals healthy,0,17,0%,8.35
protein sandwich,0,17,0%,10.82
"i live in the uk. what types of ready meals does lidl offer, and are there 
options for different dietary preferences?",0,17,0%,11.82
1400 calories a day,0,17,0%,11.88
low calorie high protein meals uk,0,17,0%,12.53
meal plan for 1500 calories a day high protein,0,17,0%,13.71
meal prep weight loss,0,17,0%,16.82
best glass meal prep containers uk,0,17,0%,17.18
1800 kcal diet,0,17,0%,22.18
free weekly diet plan for weight loss,0,17,0%,28.41
best containers for food prep,0,17,0%,29.18
weight loss recipe plan,0,17,0%,29.53
weight loss on a budget,0,17,0%,30
diet plan for a week,0,17,0%,31.18
weekly diet plan for weight loss,0,17,0%,33.12
nutrition meal plan for weight loss,0,17,0%,35.94
pescatarian diet plan,0,17,0%,38.65
high calorie high protein snacks,0,17,0%,41.41
diet meal planner,0,17,0%,43.06
anti inflammatory meal kits,0,17,0%,44.88
healthiest ready meals,0,17,0%,49.41
generate a meal plan,0,17,0%,51.82
sample diet plan,0,17,0%,53.94
meal plan builder,0,17,0%,70.94
aldi protein foods,0,16,0%,8.12
evaluate the retail company tesco on low-calorie high-protein dinners,0,16,0%,8.12
evaluate the retail company tesco on weekly meal plans,0,16,0%,9.06
aldi protein pasta bolognese,0,16,0%,9.5
aldi healthy meals,0,16,0%,9.94
aldi protein bolognese,0,16,0%,10
food scale for meal prep,0,16,0%,10.38
lidl frozen protein meals,0,16,0%,11.38
cheap protein snacks uk,0,16,0%,12.25
where to buy containers for meal prep,0,16,0%,14.44
cheap bodybuilding meal prep,0,16,0%,15.69
free meal prep for weight loss female,0,16,0%,17
gym food,0,16,0%,17
cheap bodybuilding meal plan,0,16,0%,17.56
best meal prep bags,0,16,0%,18.06
"i live in the uk. are lidl's ready meals healthy and do they offer options 
for different dietary needs?",0,16,0%,19.81
fat loss meal prep,0,16,0%,19.94
high protein meal ideas uk,0,16,0%,21.5
2500 calories,0,16,0%,22.44
600 calorie meal ideas,0,16,0%,23
cheap meal prep for students,0,16,0%,23.25
"i live in the uk. how does the pricing of glp-1 friendly food options at 
lidl compare to other supermarkets?",0,16,0%,24.19
calorie deficit meals,0,16,0%,25.88
1 week diet meal plan,0,16,0%,26.5
lose weight meal,0,16,0%,28.12
1500 calorie meal plan pdf,0,16,0%,30
plan food,0,16,0%,33.81
low calorie recipes uk,0,16,0%,36.31
"i live in the uk. i'm looking for supermarkets that are the best for high 
protein / high fibre food options. list some, and tell me for each why 
would you, or wouldn't you, recommend them; keep your rationale in the 
context of high protein / high fibre food options.",0,16,0%,36.94
cutting diet plan,0,16,0%,37.69
best meal plan for weight loss,0,16,0%,39.81
high protein meal prep recipes uk,0,16,0%,42.5
500 calorie dinner recipes,0,16,0%,44.88
menopause plan,0,16,0%,47.81
"i live in the uk. what glp-1 friendly food options does lidl offer in their 
stores?",0,16,0%,56.56
kostplan 1500 kcal,0,16,0%,82.88
7 day aldi meal plan pdf,0,15,0%,5.2
crème fraîche aldi,0,15,0%,5.87
best meal prep bag,0,15,0%,6.6
protein shopping list,0,15,0%,6.93
high protein sandwich fillers,0,15,0%,8
healthy ready meals sainsburys,0,15,0%,8.67
what size tupperware for meal prep,0,15,0%,10
how much is 1500 calories in food,0,15,0%,10.13
best container for overnight oats,0,15,0%,10.33
1400 calories a day meal plan,0,15,0%,10.47
glass meal prep tubs,0,15,0%,11.07
glass breakfast pots,0,15,0%,11.33
low calorie lunch tesco,0,15,0%,12.07
"i live in the uk. how does lidl's pricing compare to other supermarkets for 
budget meal planning?",0,15,0%,16.93
"i live in the uk. where should i shop for affordable high-protein and 
high-fibre foods?",0,15,0%,16.93
cheap low calorie foods,0,15,0%,17.67
bodybuilding diet on a budget,0,15,0%,17.87
protein cost,0,15,0%,21
quick blend smoothie bags,0,15,0%,21.13
"i live in the uk. does lidl offer any discounts or promotions on bulk 
purchases for meal planning?",0,15,0%,22.47
cheap proteins,0,15,0%,27.13
low calorie food list,0,15,0%,28.2
2000 calories a day meal plan,0,15,0%,29.67
calorie deficit meal,0,15,0%,30
which student meals come in bulk packs,0,15,0%,31.53
protein meal plan,0,15,0%,38
diet food plans,0,15,0%,38.2
lidl madplan,0,15,0%,43.27
3000 calorie vegan bodybuilding meal plan,0,15,0%,44.07
"i live in the uk. what ready meals or quick meal options at lidl might work 
for someone with a reduced appetite?",0,15,0%,44.07
diet menu,0,15,0%,44.33
quick weight loss meal plan,0,15,0%,48.2
how to make a diet plan for weight loss,0,15,0%,56.87
"what meal prep container set works best for a seven day weekly meal plan 
with freezer friendly dinner recipes?",0,14,0%,3.86
tesco low calorie meal,0,14,0%,6.93
1000 calories a day meal plan,0,14,0%,7.14
meal planner aldi,0,14,0%,8.43
best overnight oats container,0,14,0%,9.07
low fat meals tesco,0,14,0%,10.29
cheap bodybuilding diet,0,14,0%,10.36
high protein bread aldi,0,14,0%,11.07
what does a 1500 calorie day look like,0,14,0%,11.93
cheap protien,0,14,0%,13.14
2500 calorie meal plan high protein,0,14,0%,13.79
what are low calorie foods,0,14,0%,17.14
best meal prep for weight loss,0,14,0%,20.29
what are some high-protein snacks available in the uk,0,14,0%,21.71
buying meal prep,0,14,0%,21.79
uni meal prep,0,14,0%,31.29
completely free diet plan,0,14,0%,31.93
weight loss meals,0,14,0%,36.93
meal plan for women,0,14,0%,37.14
best low calorie diet,0,14,0%,37.71
protein meals uk,0,14,0%,38.64
bodybuilding meal prep,0,14,0%,41.43
1500 calories diet plan,0,14,0%,42.71
snacks high in protein,0,14,0%,46.36
food plans,0,14,0%,47.64
cut diet plan female,0,14,0%,48.07
diet plan ready meals,0,14,0%,54.79
madplan 1800 kalorier,0,14,0%,55.71
calorie controlled diet plan,0,14,0%,57.14
best meal plans weight loss,0,14,0%,58.29
low fat diet plans,0,14,0%,69.07
what size meal prep container should i get,0,13,0%,3.54
low calorie bulk meals,0,13,0%,7.85
how to split 1500 calories a day,0,13,0%,8.15
low sugar baked beans aldi,0,13,0%,8.92
95g carrot calories,0,13,0%,9.15
what does 1500 calories of food look like,0,13,0%,9.15
best overnight oats jar,0,13,0%,9.38
best overnight oats jars,0,13,0%,9.85
"i live in the uk. what high protein food options does lidl offer in their 
stores?",0,13,0%,11.69
tesco protein snacks,0,13,0%,11.69
tesco low calorie foods,0,13,0%,12
"i live in the uk. what high-protein foods can i buy at lidl that would work 
well for smaller meals?",0,13,0%,12.23
what does a 1500 calorie meal look like,0,13,0%,14.23
2500 calorie meal plan low budget,0,13,0%,15.23
budget bodybuilding meal prep,0,13,0%,15.92
best foods to meal prep for weight loss,0,13,0%,18
food prep for weight loss,0,13,0%,19.92
best scale for food prep,0,13,0%,21.15
high protein student meals,0,13,0%,23.31
low calorie high energy meals,0,13,0%,25.92
food with low calories,0,13,0%,26.77
"i live in the uk. can i find healthy and cost-effective ingredients for 
meal planning at lidl?",0,13,0%,27.31
nutrition meals,0,13,0%,28.46
1500 calorie diets,0,13,0%,29.23
i live in the uk. build a £50 weekly meal plan from lidl for a family.,0,13,0%,29.31
meal prepping diet,0,13,0%,31.23
diet plans online,0,13,0%,33.31
2500 calories meal plan,0,13,0%,37.46
meal prep shopping list,0,13,0%,38
2500 calories diet plan,0,13,0%,38.31
online diet plan,0,13,0%,38.69
menopause diet plan,0,13,0%,39.85
free diet plans uk,0,13,0%,41.08
2500 calorie diet plan,0,13,0%,41.38
weight loss eating plan free,0,13,0%,42.69
food prep meal containers,0,13,0%,43
nutrition eating plan,0,13,0%,43.15
1500 calories meal plan,0,13,0%,43.77
meal plan 1800 calories,0,13,0%,43.77
prep meals,0,13,0%,45.23
create a diet plan,0,13,0%,52.38
healthy meal plans uk,0,13,0%,58.31
calorie deficit diet,0,13,0%,60
best meal plans for weight loss,0,13,0%,60.85
meal plan and weight loss,0,13,0%,62.08
madplan med 1500 kalorier,0,13,0%,88.46
low calorie food for weight loss,0,12,0%,6.5
"what are the best low carb and high protein products at wholesale clubs in 
the uk?",0,12,0%,6.92
aldi shopping list uk,0,12,0%,7.08
what does 1500 calories look like in a day,0,12,0%,7.5
aldi chicken protein meal,0,12,0%,7.67
freezer meal prep bags,0,12,0%,8
aldi budget meals,0,12,0%,8.75
waitrose high protein meals,0,12,0%,9.08
how much is 1500 calories,0,12,0%,9.58
"i live in the uk. what are the best budget-friendly meal options available 
at lidl?",0,12,0%,9.75
"1,800 calories a day female meal plan",0,12,0%,10.17
supermarket protein meals,0,12,0%,10.25
high protein shopping list,0,12,0%,10.75
protein lentil bolognese aldi,0,12,0%,10.92
"i live in the uk. does lidl have a section dedicated to high protein and 
high fibre foods?",0,12,0%,13.83
what size container for meal prep,0,12,0%,15.25
low calorie packed lunch,0,12,0%,18.33
best glass food storage containers uk,0,12,0%,18.67
uk low calorie foods,0,12,0%,18.83
low calorie diet options,0,12,0%,26
low calorie family meals uk,0,12,0%,27.17
week diet plan,0,12,0%,28.25
meal prep glass containers,0,12,0%,28.75
best protein snacks,0,12,0%,33
silicone freezer bags,0,12,0%,33.17
low calorie meal kit,0,12,0%,34.83
1500 calorie meal prep,0,12,0%,35.67
build a diet plan,0,12,0%,35.92
1500 kcal plan,0,12,0%,36.33
cutting diet plan male,0,12,0%,36.58
summer meal planning,0,12,0%,36.92
healthy meal prep uk,0,12,0%,37.42
healthy meals for weight loss uk,0,12,0%,42
weight loss meal plans free,0,12,0%,42.08
skyr bowl ideas,0,12,0%,43.42
high protein diet meal prep,0,12,0%,43.58
diets plans,0,12,0%,44.58
2000 calorie vegetarian meal plan,0,12,0%,45.58
1500 calorie diet menu,0,12,0%,52.33
low calorie ready made meals,0,12,0%,54.33
how to create a calorie deficit,0,12,0%,60.67
anti inflammatory diet uk,0,12,0%,66.5
inflammation diet uk,0,12,0%,67.5
calorie deficit diet plan,0,12,0%,72.83
madplan på 1500 kalorier,0,12,0%,84.92
both,0,11,0%,4
what does 1500 kcal look like,0,11,0%,6.45
"i live in the uk. how does the pricing of glp-1 friendly foods at lidl 
compare to other supermarkets?",0,11,0%,6.73
best aldi protein products,0,11,0%,7.09
is 1500 calories a day good for weight loss,0,11,0%,7.27
protein meal lidl,0,11,0%,7.64
aldi salmon and watercress,0,11,0%,8.45
prep tubs,0,11,0%,8.55
low fat ready meals sainsbury's,0,11,0%,8.91
aldi protien meals,0,11,0%,9
what lunch boxes work for meal prep?,0,11,0%,9.45
aldi high protein food,0,11,0%,9.55
protein rice cakes aldi,0,11,0%,9.55
meal tubs,0,11,0%,9.91
1500kcal meal plan,0,11,0%,10
low calorie tesco,0,11,0%,10
highest protein foods uk,0,11,0%,10.09
aldi cheap meals,0,11,0%,10.82
tubs for meal prep,0,11,0%,11.27
lidl porridge protein,0,11,0%,11.55
best jar for overnight oats,0,11,0%,12.09
low calorie shopping list,0,11,0%,12.64
best fibre foods for weight loss,0,11,0%,17.27
cheapest protein per gram breakfast,0,11,0%,18.91
best foods for meal prep for weight loss,0,11,0%,19
cheap meal prep for muscle gain,0,11,0%,19.36
1200 calorie meal plan uk,0,11,0%,19.64
low calorie grocery list,0,11,0%,20.91
1500 calories food,0,11,0%,22.73
2500 calories a day meal plan,0,11,0%,23
best tupperware for meal prep,0,11,0%,23.55
meal prep containers bodybuilding,0,11,0%,24.91
cheap high protein meals,0,11,0%,25.27
cupboard snacks,0,11,0%,25.64
healthy meal plan options,0,11,0%,27.64
cheapest sources of protein,0,11,0%,28.55
i need to make a diet plan template,0,11,0%,29.09
diet plans uk,0,11,0%,31.36
low-calorie,0,11,0%,33.27
low calorie dinner ideas uk,0,11,0%,33.73
cutting diet,0,11,0%,34.45
cheap bulking meal plan,0,11,0%,35
meal planning for students,0,11,0%,35.27
1800 calorie diet plan,0,11,0%,35.64
diet plans for free,0,11,0%,36.09
healthy option meals,0,11,0%,36.91
weight loss meal,0,11,0%,37
anti inflammatory diet plan uk,0,11,0%,38.55
1800 calorie meal plan for weight loss,0,11,0%,39.36
7 day diet plan for weight loss uk,0,11,0%,40.27
1800 calories a day female meal plan,0,11,0%,41.73
calorie diet plan for weight loss,0,11,0%,44
healthy eating meal plan,0,11,0%,44.27
1500 calorie meal plan free,0,11,0%,45.18
1800 kcal diet plan,0,11,0%,49.36
meal program for weight loss,0,11,0%,49.55
anti inflammatory diet meal plan,0,11,0%,52.27
healthy sandwich fillers,0,11,0%,53.82
meal plan for weight loss female,0,11,0%,59.91
"i live in the uk. does lidl offer a variety of glp-1 friendly food options 
that fit into my dietary plan?",0,11,0%,73.64
aldi meal ideas uk,0,10,0%,1.7
how much food is 1500 calories,0,10,0%,6.9
sainsbury's ready meals for 1 healthy,0,10,0%,8.1
how many meal prep containers do i need,0,10,0%,8.3
evaluate the retail company tesco on low carb dinners,0,10,0%,9.1
where can i buy affordable higher protein food and drink,0,10,0%,9.7
meal prep tub,0,10,0%,10.1
protein meals supermarket,0,10,0%,10.5
examples of 1500 calories a day,0,10,0%,11.2
glass vs plastic meal prep containers,0,10,0%,11.8
what uk brands sell high-protein canned chicken?,0,10,0%,12.6
meal plan containers,0,10,0%,13
how much protein in a sandwich,0,10,0%,13.5
is meal prepping cheaper,0,10,0%,14.4
meal plan for 2500 calories a day,0,10,0%,16.1
low calorie low fat filling foods,0,10,0%,17
cheap meal plan for muscle gain,0,10,0%,20.2
affordable protein snacks,0,10,0%,20.4
meal prep 1500 calories,0,10,0%,21.4
meal plan for 1500 calories a day,0,10,0%,22
protein food uk,0,10,0%,23.3
lowest calorie foods uk,0,10,0%,23.5
best protein foods uk,0,10,0%,24
glass meal prep containers uk,0,10,0%,24.2
asda protein meals,0,10,0%,24.6
low food,0,10,0%,25.6
cheapest form of protein,0,10,0%,26.7
e2e p3 kw30 meal prep,0,10,0%,30.9
1800 calorie meal,0,10,0%,34.2
free online diet plan,0,10,0%,34.9
frozen protein meals,0,10,0%,37
easy 1500 calorie meal plan,0,10,0%,37.5
diet sheets for weight loss,0,10,0%,38.5
1500 calorie diet meal plan,0,10,0%,41.9
easy 1800 calorie meal plan,0,10,0%,42.7
porridge protein,0,10,0%,44.2
"i live in the uk. can you recommend some supermarkets that are the best for 
budget meal planning? for each one, give me pros and cons in the context of 
budget meal planning.",0,10,0%,44.8
protein diet meal plan,0,10,0%,47.3
sample 1500 calorie diet,0,10,0%,47.4